Date;Sell Date;Ticker;Buy Price;Sell Price;Confidence Score;Expected P/L (%);Actual P/L (%);Met Expectation;Is Profit;Deviation;Kazanma İhtimali (%);Eğim (Slope);R2;PD/DD (Price to Book);FD/FAVÖK (EV/EBITDA);F/K (Trailing PE);FAVÖK Marjı (EBITDA Margin);ROE;ROA;Ortalama Hacim (Avg Volume);Finansal Güven Skoru;Finansal x Küme Güveni
2025-05-02;2025-05-13;SMRVA.IS;27,43;28,63;1,7489949723878366;1,529680376979807;-0,04324941552043915;False;True;-15,06;1,5223449148566999;0,20775898998423822;0,2551804670517773;-0,22482582050953653;-0,07540313276186843;-0,4448311676543633;0,3381133960627718;0,42199785271284057;0,5685265273547591;0,10689853086540234;0,260242594543457;0,45516298945767253
2025-05-05;2025-05-14;SMRVA.IS;30,04;29,46;2,359323748859286;2,0392641430015637;-0,3574610634837306;False;False;-23,8;1,836167401974113;0,33326060041218203;0,28458464543744627;-0,22482582050953653;-0,07540313276186843;-0,4448311676543633;0,3381133960627718;0,42199785271284057;0,5685265273547591;0,10689853086540234;0,260242594543457;0,6139965337711362
2025-05-06;2025-05-15;DERHL.IS;161,6;124,1;1,9120538213743483;1,586770674417929;-1,412278997009788;False;False;-42,9;1,8365973580328259;0,41659888651403965;0,704113720126296;-0,23574873767656374;-0,07716973038916675;;-0,09764878734054429;-0,19228629819352758;0,2740890863252949;-0,35640755018222264;-5,8348241473491;-11,15649780798617
2025-05-07;2025-05-16;DERHL.IS;156,0;136,5;2,8076117623065096;2,3606613730235844;-0,880650758512655;False;False;-35,86;2,1561233629626377;0,4223122137375513;0,7087641572655284;-0,23574873767656374;-0,07716973038916675;;-0,09764878734054429;-0,19228629819352758;0,2740890863252949;-0,35640755018222264;-5,8348241473491;-16,381920907087384
2025-05-08;2025-05-20;DERHL.IS;147,5;122,9;2,4781921639152653;2,421980581383049;-1,088139650848604;False;False;-40,33;1,207581754008596;0,40860043363079385;0,6899898286770958;-0,23574873767656374;-0,07716973038916675;;-0,09764878734054429;-0,19228629819352758;0,2740890863252949;-0,35640755018222264;-5,8348241473491;-14,45981547978411
2025-05-09;2025-05-21;DERHL.IS;126,7;110,7;1,7558188999188282;1,8997100825972653;-0,887103762341285;False;False;-33,81;0,5773146734822555;0,2700494079957045;0,41078871771532127;-0,23574873767656374;-0,07716973038916675;;-0,09764878734054429;-0,19228629819352758;0,2740890863252949;-0,35640755018222264;-5,8348241473491;-10,244894515618313
2025-05-12;2025-05-22;SMRVA.IS;31,81;33,38;2,8259097937908213;2,379691472169625;-0,014955475656446072;False;True;-18,51;2,1536287260887246;1,1331917554688113;0,9343778063603012;-0,22482582050953653;-0,07540313276186843;-0,4448311676543633;0,3381133960627718;0,42199785271284057;0,5685265273547591;0,10689853086540234;0,260242594543457;0,7354220966818888
2025-05-13;2025-05-23;SMRVA.IS;28,63;33,68;2,1577702441636744;2,0794387967543164;0,6149569749998205;False;True;-4,4;1,2088772650545796;0,9903451206688866;0,7766654604624827;-0,22482582050953653;-0,07540313276186843;-0,4448311676543633;0,3381133960627718;0,42199785271284057;0,5685265273547591;0,10689853086540234;0,260242594543457;0,5615437267698233
2025-05-14;2025-05-26;SMRVA.IS;29,46;31,79;2,1577702441636744;2,0794387967543164;0,13346361240204382;False;True;-14,1;1,2088772650545796;0,7374685872382379;0,5849067591540502;-0,22482582050953653;-0,07540313276186843;-0,4448311676543633;0,3381133960627718;0,42199785271284057;0,5685265273547591;0,10689853086540234;0,260242594543457;0,5615437267698233
2025-05-15;2025-05-27;SMRVA.IS;29,46;28,65;2,552347344141159;2,362775828484256;-0,3956827015456159;False;False;-26,11;1,5252611374322818;0,49339061821451363;0,3542271249232417;-0,22482582050953653;-0,07540313276186843;-0,4448311676543633;0,3381133960627718;0,42199785271284057;0,5685265273547591;0,10689853086540234;0,260242594543457;0,6642294950153969
2025-05-16;2025-05-28;EDIP.IS;38,08;28,78;1,912356495579352;1,9441136472713603;-1,4723415711070365;False;False;-45,81;0,8912640922761592;0,6075972527413965;0,746285622715605;-0,24195756849250377;-0,07600884262721594;-0,5087274807106902;0,3387538955140249;0,021066879936204073;-0,1766435957261685;-0,4813491516692082;-7,697103238919184;-14,71960537609197
2025-05-20;2025-05-29;TERA.IS;37,46;37,15;2,30907983082868;2,2401374117653265;-0,30186595357553364;False;False;-23,64;1,2107300542165313;0,19901681994948725;0,6323425285744343;-0,2205750782730471;;-0,4025808388891591;-0,35348137870921414;3,076137392144083;3,061842640512475;-0,3223736878663842;-25,839876362636897;-59,666337340071614
2025-05-21;2025-05-30;TERA.IS;33,73;37,71;0,32538060707158156;0,8953437387784503;0,32606095744115454;False;True;-4,63;-1,3111906730738556;-0,027574253870568954;0,4117191876010254;-0,2205750782730471;;-0,4025808388891591;-0,35348137870921414;3,076137392144083;3,061842640512475;-0,3223736878663842;-25,839876362636897;-8,407794657529404
2025-05-22;2025-06-02;EDIP.IS;34,92;26,26;-0,12252218466018226;0,08973620826272717;-1,4912041976830317;False;False;-37,42;-0,6789734313469938;-0,2848266265453972;-0,5489861237172965;-0,24195756849250377;-0,07600884262721594;-0,5087274807106902;0,3387538955140249;0,021066879936204073;-0,1766435957261685;-0,4813491516692082;-7,697103238919184;0,9430659043873433
2025-05-23;2025-06-03;KUYAS.IS;60,3;55,5;-0,015623158620257142;0,5401152213856907;-0,6552920094204997;False;False;-22,71;-1,6299064071648979;-0,9124116649490569;-1,1315022787018068;-0,13612286226305068;-0,1630464531114464;-0,062230506811895334;-0,6989941123237068;-1,9084870151476283;-0,692417891098766;-0,34266666283294;3,6271184194331827;-0,05666704640126099
2025-05-26;2025-06-04;EMKEL.IS;33,3;34,16;-0,9119240271465181;-0,8638832044999791;-0,13210231439157527;False;True;-5,53;-0,9934449743282323;-0,2879998617342233;0,5560057392703741;-0,227729361183057;-0,055815594157437864;-0,17376330385773767;-0,22084695387860442;-0,04855915230154229;-0,2918299322085273;-0,19130449474016847;-2,5889363315121754;2,360913245458516
2025-05-27;2025-06-05;KLRHO.IS;49,74;72,5;0,7300009874878235;0,8403678968009999;2,011287726533373;True;True;29,59;0,2639362094212448;0,12243599454323154;0,6073703219155356;-0,21871698385447133;-0,054705238364231294;-0,20470457022050212;0,21929891183850636;0,004791637479535715;-0,14245401175260616;-0,3583047226288504;-5,661131336623355;-4,132631466033311
2025-05-28;2025-06-10;KLRHO.IS;52,3;70,0;0,4078730858534851;0,46610928026219905;1,419596913938992;True;True;19,45;0,2613319226404603;0,21404733229748998;0,6694448292685989;-0,21871698385447133;-0,054705238364231294;-0,20470457022050212;0,21929891183850636;0,004791637479535715;-0,14245401175260616;-0,3583047226288504;-5,661131336623355;-2,3090231076904324
2025-05-29;2025-06-11;KLRHO.IS;53,45;65,5;-0,1256865058943113;0,08762175280205603;0,8586819657580765;True;True;9,94;-0,6858442531041034;0,2701186310384589;0,7058319463567598;-0,21871698385447133;-0,054705238364231294;-0,20470457022050212;0,21929891183850636;0,004791637479535715;-0,14245401175260616;-0,3583047226288504;-5,661131336623355;0,7115278171089817
2025-05-30;2025-06-12;ADESE.IS;0,99;1,43;0,6781336350849255;0,6817837372506603;1,9457649184272836;True;True;29,03;0,5772411335093173;-0,03579827421108642;-0,08191516038386604;-0,24190350364743182;-0,05662882197442836;-0,5180122814019167;-0,06386039889613579;-0,09770988951330645;-0,3606975227838457;3,969358274272116;76,54902978684088;51,91047183157465
2025-06-02;2025-06-13;KLRHO.IS;57,25;66,3;0,9414877092749191;1,0877591856995286;0,5246149213990007;False;True;-1,53;0,2605919544467335;0,40188951324159566;0,8078184928435579;-0,21871698385447133;-0,054705238364231294;-0,20470457022050212;0,21929891183850636;0,004791637479535715;-0,14245401175260616;-0,3583047226288504;-5,661131336623355;-5,329885574021984
2025-06-03;2025-06-16;KLRHO.IS;61,75;66,5;-0,13036419815345868;-0,005414287467476186;0,1215503745645731;False;True;-4,48;-0,36610069942610746;0,5069431735997665;0,8913298376870232;-0,21871698385447133;-0,054705238364231294;-0,20470457022050212;0,21929891183850636;0,004791637479535715;-0,14245401175260616;-0,3583047226288504;-5,661131336623355;0,7380088473403215
2025-06-04;2025-06-17;ADESE.IS;1,08;1,61;-0,3155182641052366;-0,07307686220895429;2,1939573733745914;True;True;37,59;-0,9971164809851414;0,4290587505569785;0,5806722912342033;-0,24190350364743182;-0,05662882197442836;-0,5180122814019167;-0,06386039889613579;-0,09770988951330645;-0,3606975227838457;3,969358274272116;76,54902978684088;-24,15261699728408
2025-06-05;2025-06-18;ESEN.IS;9,76;10,26;-1,2304748699944499;-1,4072982578924746;-0,009495241647605334;False;True;-0,5;-0,04436531390397604;-0,6411794066679244;0,7121452926419816;-0,24078824679411692;-0,05386034384682775;;0,08319173946096904;-0,25721226566314376;-0,3681866697494832;1,1515373610335706;24,34088912595112;-29,950852382804023
2025-06-10;2025-06-19;KLRHO.IS;70,0;66,25;0,8078983215210357;0,9312894816098609;-0,5262319328478997;False;False;-21,96;0,2632438713868164;0,42639027176222577;0,9038573761335035;-0,21871698385447133;-0,054705238364231294;-0,20470457022050212;0,21929891183850636;0,004791637479535715;-0,14245401175260616;-0,3583047226288504;-5,661131336623355;-4,573618504768146
2025-06-11;2025-06-20;KLRHO.IS;65,5;69,95;0,4210256558527347;0,7875065102842197;0,07687573267405771;False;True;-9,12;-0,684303694537129;0,22105650243482006;0,7950042199642102;-0,21871698385447133;-0,054705238364231294;-0,20470457022050212;0,21929891183850636;0,004791637479535715;-0,14245401175260616;-0,3583047226288504;-5,661131336623355;-2,3834815338703166
2025-06-12;2025-06-23;KLRHO.IS;65,25;74,75;0,46507851059917493;0,9608918580592569;0,4625668076621738;False;True;-2,18;-0,9966905680485784;0,029539566623773283;0,6416884830222463;-0,21871698385447133;-0,054705238364231294;-0,20470457022050212;0,21929891183850636;0,004791637479535715;-0,14245401175260616;-0,3583047226288504;-5,661131336623355;-2,6328705303431064
2025-06-13;2025-06-24;ADESE.IS;1,34;1,95;1,7412630222418344;1,7559271112716244;2,0212154247312655;True;True;25,46;0,8921002481393825;0,6632260116362517;0,800104628919027;-0,24190350364743182;-0,05662882197442836;-0,5180122814019167;-0,06386039889613579;-0,09770988951330645;-0,3606975227838457;3,969358274272116;76,54902978684088;133,29199495631474
2025-06-16;2025-06-25;GEDIK.IS;5,53;9,26;-0,020410914226678345;0,6521813608012635;3,0939032150135284;True;True;52,29;-1,9429826647435202;-0,9636373001002752;-0,9834513840893128;-0,22980210098210274;;-0,47094351976295196;-0,35348137870921414;0,8163537775392177;0,15825151967201104;-0,28538808622157036;-9,935136243660493;0,2027852136997176
2025-06-17;2025-06-26;TERA.IS;64,46;64,91;1,6427563264315561;1,6480898827773933;-0,22542267745176292;False;True;-19,29;0,8912824472847586;0,34560515883683146;0,8582757783212087;-0,2205750782730471;;-0,4025808388891591;-0,35348137870921414;3,076137392144083;3,061842640512475;-0,3223736878663842;-25,839876362636897;-42,44862036893099
2025-06-18;2025-06-27;TERA.IS;64,24;58,44;0,5223664828553201;0,5993199742844838;-0,7079088098693289;False;False;-24,05;0,26171071194113243;0,4278732706094407;0,9467106671987859;-0,2205750782730471;;-0,4025808388891591;-0,35348137870921414;3,076137392144083;3,061842640512475;-0,3223736878663842;-25,839876362636897;-13,497885332966957
2025-06-19;2025-06-30;TERA.IS;65,25;60,64;1,1831593040519237;1,2526867116318816;-0,611113752439879;False;False;-25,19;0,5768411196965735;0,40969517026062546;0,9349528667841481;-0,2205750782730471;;-0,4025808388891591;-0,35348137870921414;3,076137392144083;3,061842640512475;-0,3223736878663842;-25,839876362636897;-30,572690134005224
2025-06-20;2025-07-01;TERA.IS;65,93;64,86;1,1617519830071201;1,2273132461038272;-0,34058397654731365;False;False;-19,62;0,5801600566367113;0,3612611672729026;0,9027410049112128;-0,2205750782730471;;-0,4025808388891591;-0,35348137870921414;3,076137392144083;3,061842640512475;-0,3223736878663842;-25,839876362636897;-30,019527604952223
2025-06-23;2025-07-02;TERA.IS;69,75;71,27;0,7472534171730318;0,7600185892954942;-0,15195771078735987;False;True;-13,61;0,5768610593256589;0,27944125483656346;0,8842341405332825;-0,2205750782730471;;-0,4025808388891591;-0,35348137870921414;3,076137392144083;3,061842640512475;-0,3223736878663842;-25,839876362636897;-19,308935911309074
2025-06-24;2025-07-03;GEDIK.IS;8,42;7,48;1,6975403575372165;1,5888851298786006;-0,816120720226355;False;False;-30,91;1,2071687106602038;0,4321476416636306;0,467594505493079;-0,22980210098210274;;-0,47094351976295196;-0,35348137870921414;0,8163537775392177;0,15825151967201104;-0,28538808622157036;-9,935136243660493;-16,86529473124439
2025-06-25;2025-07-04;ADESE.IS;1,86;2,09;2,0808909960927475;1,99697503378814;0,34144888964788755;False;True;-9,52;1,2099045766436012;0,29016302060185545;0,8630938376465155;-0,24190350364743182;-0,05662882197442836;-0,5180122814019167;-0,06386039889613579;-0,09770988951330645;-0,3606975227838457;3,969358274272116;76,54902978684088;159,29018684307272
2025-06-26;2025-07-07;ADESE.IS;1,82;2,2;0,6684755763616274;0,9841508681266407;0,7762820707155704;True;True;4,02;-0,36499986334121737;0,2661548628269459;0,8327437767849267;-0,24190350364743182;-0,05662882197442836;-0,5180122814019167;-0,06386039889613579;-0,09770988951330645;-0,3606975227838457;3,969358274272116;76,54902978684088;51,171156806681836
2025-06-27;2025-07-08;ADESE.IS;1,86;2,12;0,9507055146091211;1,2125120578791286;0,4213668601409206;False;True;-4,2;-0,052154729650622046;0,20073561749097404;0,765115955365582;-0,24190350364743182;-0,05662882197442836;-0,5180122814019167;-0,06386039889613579;-0,09770988951330645;-0,3606975227838457;3,969358274272116;76,54902978684088;72,77558475632749
2025-06-30;2025-07-09;GEDIK.IS;7,97;5,86;0,6547726896260078;0,7536752229134807;-1,574596862545327;False;False;-42,24;0,26116414771563645;1,0553437121633271;0,8176745205259217;-0,22980210098210274;;-0,47094351976295196;-0,35348137870921414;0,8163537775392177;0,15825151967201104;-0,28538808622157036;-9,935136243660493;-6,505255880062412
2025-07-01;2025-07-10;GEDIK.IS;8,76;6,44;0,9467707499440736;1,0941025520815424;-1,574596862545327;False;False;-43,84;0,26005150112053854;1,0586239895612934;0,8202837670985509;-0,22980210098210274;;-0,47094351976295196;-0,35348137870921414;0,8163537775392177;0,15825151967201104;-0,28538808622157036;-9,935136243660493;-9,406296392206992
2025-07-02;2025-07-11;GEDIK.IS;8,3;6,58;1,0173213555467422;1,0645001756321457;-1,289671924265818;False;False;-37,97;0,5790648939865889;0,9729350441716575;0,7399378129807143;-0,22980210098210274;;-0,47094351976295196;-0,35348137870921414;0,8163537775392177;0,15825151967201104;-0,28538808622157036;-9,935136243660493;-10,107226270942261
2025-07-03;2025-07-14;GEDIK.IS;7,48;6,39;0,9748093876621391;1,12581938399161;-0,9789349706717888;False;False;-32,0;0,26268421319166285;0,7588427304740868;0,4902100972565979;-0,22980210098210274;;-0,47094351976295196;-0,35348137870921414;0,8163537775392177;0,15825151967201104;-0,28538808622157036;-9,935136243660493;-9,68486407802261
2025-07-04;2025-07-16;GEDIK.IS;7,01;6,11;0,819124782942989;1,1723374041263759;-0,8915712265303365;False;False;-30,46;-0,3689465579939655;0,451736421051382;0,08577839705359652;-0,22980210098210274;;-0,47094351976295196;-0,35348137870921414;0,8163537775392177;0,15825151967201104;-0,28538808622157036;-9,935136243660493;-8,138116319097424
2025-07-07;2025-07-17;GEDIK.IS;6,31;6,31;-0,9935910308238665;-0,9146301355560875;-0,26016962114438597;False;False;-7,87;-1,3089038171139222;0,02943326946107979;-0,5773290964518936;-0,22980210098210274;;-0,47094351976295196;-0,35348137870921414;0,8163537775392177;0,15825151967201104;-0,28538808622157036;-9,935136243660493;9,871462261714186
2025-07-08;2025-07-18;TRHOL.IS;166,1;184,0;0,43205950641695884;0,800193243048247;0,27493331172200913;False;True;-5,21;-0,6802542618208325;-0,5923444532679024;-1,047694452212834;5,6158346996592785;1,6748666047958207;2,6524171730890758;-0,29602401208532136;1,7152921192656985;0,19740673369887654;-0,4929653931699577;-35,08990567132909;-15,160927324572093
2025-07-09;2025-07-21;KGYO.IS;3,48;3,69;-0,69974940943896;-0,7116424113316533;0,039150479522066975;False;True;-2,8;-0,36288469695380227;5,889572296837457;-0,19382655137650254;-0,19515326202775354;-0,09163467488209877;;-1,0389276604821687;-1,381428963421942;-1,029348100781086;-0,184443773988713;3,777004039476891;-2,6429563460725207
2025-07-10;2025-07-22;KGYO.IS;3,49;3,7;-0,7833700375304227;-0,6926123121856127;0,03865409461217233;False;True;-2,9;-0,9984444779296181;6,297065561307368;-0,0458184344306627;-0,19515326202775354;-0,09163467488209877;;-1,0389276604821687;-1,381428963421942;-1,029348100781086;-0,184443773988713;3,777004039476891;-2,9587917961575703
2025-07-11;2025-07-23;HUBVC.IS;2,17;2,71;-0,801860679872464;-0,650323202972189;0,9748360346734165;True;True;15,77;-1,315009927196397;-1,203341459431241;-1,072650556730563;-0,23588755900086608;-0,127015811877643;;-2,5703080204000015;-2,6507479228081943;-0,5222840089446106;-0,4367415267764126;0,9235488034808235;-0,7405574714545338
2025-07-14;2025-07-24;TRHOL.IS;159,0;145,6;-0,28582867617806046;0,2610071005770936;-0,6786221001855466;False;False;-21,85;-1,9459626544576696;0,0810322286845684;0,3050861648273102;5,6158346996592785;1,6748666047958207;2,6524171730890758;-0,29602401208532136;1,7152921192656985;0,19740673369887654;-0,4929653931699577;-35,08990567132909;10,02970128524901
2025-07-16;2025-07-25;TRHOL.IS;174,9;160,1;1,6444072766406665;1,4197286930249053;-0,6801112549152305;False;False;-27,38;1,5262262423409123;0,30326815707982585;0,6028579192039146;5,6158346996592785;1,6748666047958207;2,6524171730890758;-0,29602401208532136;1,7152921192656985;0,19740673369887654;-0,4929653931699577;-35,08990567132909;-57,70209622256815
2025-07-17;2025-07-28;TRHOL.IS;181,5;175,3;-0,012871574938405845;0,14048313931883577;-0,42993326032834434;False;False;-16,28;-0,36715751626441356;0,3855442198199389;0,6808932077543143;5,6158346996592785;1,6748666047958207;2,6524171730890758;-0,29602401208532136;1,7152921192656985;0,19740673369887654;-0,4929653931699577;-35,08990567132909;0,45166235043010466
2025-07-18;2025-07-29;MOPAS.IS;56,5;36,14;0,5245952656376199;0,6014344297451549;-2,049140836404579;False;False;-51,08;0,2632832606170448;-0,0960315407175172;0,8604791383742882;-0,23269047822733177;-0,07627160886468594;-0,2550546112941882;-0,2700351255938729;-0,0800596340726995;0,06838175608436153;-0,389879967434883;-6,8694780053544156;-3,603695639010687
2025-07-21;2025-07-30;TRHOL.IS;183,0;185,9;0,24599741785017015;0,36672987361065307;-0,1817408053810368;False;True;-12,34;-0,0533487381316005;0,3561578782291225;0,6723171402336112;5,6158346996592785;1,6748666047958207;2,6524171730890758;-0,29602401208532136;1,7152921192656985;0,19740673369887654;-0,4929653931699577;-35,08990567132909;-8,632026187752999
2025-07-22;2025-07-31;PEKGY.IS;3,22;5,39;0,5505702155942968;0,8382534413403283;3,0849682866354255;True;True;51,23;-0,3655746997631108;-0,3997502810928225;-1,3910032768623402;-0,23775381969257772;0,06251208513280386;-0,3873404837178926;-0,308164498286351;;;3,2924962839020715;60,49585429873504;33,307215543815715
2025-07-23;2025-08-01;PEKGY.IS;3,14;4,86;0,47517682271156936;0,7452174010707961;2,459026915258316;True;True;39,06;-0,3667231396603957;0,03918792304688957;-0,5587155368751671;-0,23775381969257772;0,06251208513280386;-0,3873404837178926;-0,308164498286351;;;3,2924962839020715;60,49585429873504;28,746227832894952
2025-07-24;2025-08-04;PEKGY.IS;3,45;5,34;0,953429582454154;0,7938498766662332;2,459026915258316;True;True;38,83;1,2097325317533825;0,4400078020154118;0,04394025267188031;-0,23775381969257772;0,06251208513280386;-0,3873404837178926;-0,308164498286351;;;3,2924962839020715;60,49585429873504;57,67853710425029
2025-07-25;2025-08-05;PEKGY.IS;3,79;5,75;0,3989854705611054;0,5506874986890468;2,3071331328305638;True;True;36,92;-0,05414076090652761;0,8823257548045069;0,6366154067533036;-0,23775381969257772;0,06251208513280386;-0,3873404837178926;-0,308164498286351;;;3,2924962839020715;60,49585429873504;24,13696689437687
2025-07-28;2025-08-06;EMKEL.IS;75,15;75,8;0,6907634041846232;0,8995726496997927;-0,21748051889344908;False;True;-15,59;-0,049743817684352806;-0,5143675755713546;-0,812982773548837;-0,227729361183057;-0,055815594157437864;-0,17376330385773767;-0,22084695387860442;-0,04855915230154229;-0,2918299322085273;-0,19130449474016847;-2,5889363315121754;-1,7883424735726006
2025-07-29;2025-08-07;MANAS.IS;9,85;9,87;-0,17738876327629827;0,20603125859964272;-0,25024192294649367;False;True;-12,97;-1,3126304268365132;-0,32090929920876843;-0,2335816377807405;-0,2056681825508682;-0,16041407441966357;;-0,48480639619092203;-1,6230826134014216;-0,6988487890366503;0,1501392130931034;12,137800239885431;-2,153109373448033
2025-07-30;2025-08-08;YYAPI.IS;2,21;2,16;-0,9472268457846711;-1,155678058072603;-0,372352610780569;False;False;-8,99;0,5813371579677209;-0,6587743940363155;0,6056477583623804;-0,24210755015960148;-0,053892684306824055;-0,5242487843093799;6,207745356309197;-0,3874892064338024;-0,38186250333890814;-0,337812129121408;5,537634056116189;-5,245395640084712
2025-07-31;2025-08-11;MANAS.IS;9,85;9,39;1,269916737540697;1,1321627503736238;-0,49198137406517123;False;False;-22,22;1,207999044275134;-0,013145951673127891;0,09721337261415477;-0,2056681825508682;-0,16041407441966357;;-0,48480639619092203;-1,6230826134014216;-0,6988487890366503;0,1501392130931034;12,137800239885431;15,413995681555996
2025-08-01;2025-08-12;EMKEL.IS;83,1;75,25;2,2386943202469234;1,9166257262826352;-0,7292533609947973;False;False;-30,7;1,8378736486535687;0,24500989284047345;0,32548819265556234;-0,227729361183057;-0,055815594157437864;-0,17376330385773767;-0,22084695387860442;-0,04855915230154229;-0,2918299322085273;-0,19130449474016847;-2,5889363315121754;-5,795837060837213
2025-08-04;2025-08-13;EMKEL.IS;80,1;82,75;0,5439939305946717;0,9439762143738878;-0,09586621596926836;False;True;-13,35;-0,6814900508753889;0,40269898865550596;0,5819400580123685;-0,227729361183057;-0,055815594157437864;-0,17376330385773767;-0,22084695387860442;-0,04855915230154229;-0,2918299322085273;-0,19130449474016847;-2,5889363315121754;-1,4083656510386584
2025-08-05;2025-08-14;MANAS.IS;9,67;8,86;1,0707846264851142;1,0200966109580505;-0,6761401756360735;False;False;-25,39;0,8912163011173379;0,41832161634756954;0,5631653679844203;-0,2056681825508682;-0,16041407441966357;;-0,48480639619092203;-1,6230826134014216;-0,6988487890366503;0,1501392130931034;12,137800239885431;12,996969896216651
2025-08-06;2025-08-15;EMKEL.IS;75,8;88,1;1,380145179835662;1,358409484665441;0,5454630876145744;False;True;-2,4;0,8950308126469027;0,5000982630479228;0,7277972856000098;-0,227729361183057;-0,055815594157437864;-0,17376330385773767;-0,22084695387860442;-0,04855915230154229;-0,2918299322085273;-0,19130449474016847;-2,5889363315121754;-3,573107998837951
2025-08-07;2025-08-18;MANAS.IS;9,87;9,39;0,8844748953869589;0,8149944312729454;-0,501412687353169;False;False;-20,91;0,8929588248320465;0,40609237209134175;0,5396979105837352;-0,2056681825508682;-0,16041407441966357;;-0,48480639619092203;-1,6230826134014216;-0,6988487890366503;0,1501392130931034;12,137800239885431;10,735579597400472
2025-08-08;2025-08-19;MANAS.IS;9,98;8,9;0,6494896489568527;0,7473318565314673;-0,7972580936503597;False;False;-26,55;0,26176203964659656;0,36529389176829175;0,48754379118725527;-0,2056681825508682;-0,16041407441966357;;-0,48480639619092203;-1,6230826134014216;-0,6988487890366503;0,1501392130931034;12,137800239885431;7,883375616911591
2025-08-11;2025-08-20;MANAS.IS;9,39;8,8;-0,6058103425405547;-0,4579077560511108;-0,5718993445582043;False;False;-16,32;-0,9960289307921992;0,23593040127783518;0,29826474574891354;-0,2056681825508682;-0,16041407441966357;;-0,48480639619092203;-1,6230826134014216;-0,6988487890366503;0,1501392130931034;12,137800239885431;-7,35320492101382
2025-08-12;2025-08-21;PEKGY.IS;7,05;8,19;-0,5155859136126488;-0,48328122157916487;0,5424847781552068;True;True;6,26;-0,36386750436759246;1,2757324543279205;0,9524747380515387;-0,23775381969257772;0,06251208513280386;-0,3873404837178926;-0,308164498286351;;;3,2924962839020715;60,49585429873504;-31,190810308390994
2025-08-13;2025-08-22;PEKGY.IS;7,5;9,0;-0,5478069585271281;-0,5868895391520532;0,7326001986448443;True;True;10,58;-0,051326716832027365;1,1393911553677283;0,9438779274405025;-0,23775381969257772;0,06251208513280386;-0,3873404837178926;-0,308164498286351;;;3,2924962839020715;60,49585429873504;-33,14004994689033
2025-08-14;2025-08-25;MANAS.IS;8,86;9,39;0,1296329439446762;-0,08576359497298154;0,03666855497259391;False;True;-5,81;1,211923468092145;-0,4071068964078495;-0,6973272683605659;-0,2056681825508682;-0,16041407441966357;;-0,48480639619092203;-1,6230826134014216;-0,6988487890366503;0,1501392130931034;12,137800239885431;1,5734587781087455
2025-08-15;2025-08-26;PEKGY.IS;8,14;9,56;-0,1960445006392505;-0,23800438814130692;0,6055256617118229;True;True;6,37;0,26514194818656506;0,8799527981428814;0,9132227691769305;-0,23775381969257772;0,06251208513280386;-0,3873404837178926;-0,308164498286351;;;3,2924962839020715;60,49585429873504;-11,859879546740366
2025-08-18;2025-08-27;PEKGY.IS;8,3;8,61;-0,3612495848976061;-0,36275726032090705;-0,07501804975369453;False;True;-6,75;-0,05202976317424626;0,7758795689486537;0,8972198499414232;-0,23775381969257772;0,06251208513280386;-0,3873404837178926;-0,308164498286351;;;3,2924962839020715;60,49585429873504;-21,854102253444093
2025-08-19;2025-08-28;PEKGY.IS;8,4;7,75;-0,20077722457203478;-0,2422332990626492;-0,644371541402818;False;False;-18,78;0,259441190588571;0,6762575620507031;0,8675782489036284;-0,23775381969257772;0,06251208513280386;-0,3873404837178926;-0,308164498286351;;;3,2924962839020715;60,49585429873504;-12,14618972421422
2025-08-20;2025-08-29;PEKGY.IS;8,3;6,98;0,07534419790174884;0,16162769392554796;-1,049421627876824;False;False;-28,86;-0,05269533003011116;0,482927570772505;0,8514351883024428;-0,23775381969257772;0,06251208513280386;-0,3873404837178926;-0,308164498286351;;;3,2924962839020715;60,49585429873504;4,558011618519257
2025-08-21;2025-09-01;ISGSY.IS;84,85;94,75;0,9246480171419884;0,7642475002168367;0,3191115687026299;False;True;-4,14;1,2059559882539395;0,23582309858791053;0,6082457068593216;-0,23942280901187712;-0,08075480513167414;;0,85168580176723;1,218409717074787;1,8903609667897714;-0,461533006055943;-15,428880723366817;-14,266283967581375
2025-08-22;2025-09-02;ISGSY.IS;83,15;87,15;-0,8286335890968776;-0,61649191560145;-0,02140847948507611;False;True;-4,46;-1,6323795153151297;0,38136557421960365;0,7256015835927738;-0,23942280901187712;-0,08075480513167414;;0,85168580176723;1,218409717074787;1,8903609667897714;-0,461533006055943;-15,428880723366817;12,784888809551074
2025-08-25;2025-09-03;ISGSY.IS;83,3;95,85;-0,3670279106294939;-0,14073943695043242;0,48788243806679904;True;True;3,54;-0,9992812878942047;0,46142802219865375;0,7880212509063924;-0,23942280901187712;-0,08075480513167414;;0,85168580176723;1,218409717074787;1,8903609667897714;-0,461533006055943;-15,428880723366817;5,662829855248997
2025-08-26;2025-09-04;TRHOL.IS;245,9;255,0;-0,640920550320978;-0,6989556785676261;-0,07650720448337836;False;True;-5,19;-0,04984867385789536;-0,47782051576902745;-0,04741960792978046;5,6158346996592785;1,6748666047958207;2,6524171730890758;-0,29602401208532136;1,7152921192656985;0,19740673369887654;-0,4929653931699577;-35,08990567132909;22,48984165357945
2025-08-27;2025-09-05;ARSAN.IS;3,2;2,78;-1,139232355104259;-1,3713525150610644;-0,9119230078360157;False;False;-18,83;0,5703306943010873;-1,2323236403806306;-0,0068602078298943;-0,24143295030882558;;;-2,109723985423785;-0,21631165385571877;-0,5630672983987886;-0,08975009893895765;-2,973459406665053;3,3874611626619404
2025-08-28;2025-09-08;TRHOL.IS;247,0;312,75;-1,1650422100400246;-1,0964733051738098;1,0612070089950796;True;True;19,61;-1,6265051796706804;-0,5717430573011595;-0,3402362079137634;5,6158346996592785;1,6748666047958207;2,6524171730890758;-0,29602401208532136;1,7152921192656985;0,19740673369887654;-0,4929653931699577;-35,08990567132909;40,88122125342124
2025-08-29;2025-09-09;ISGSY.IS;98,65;89,5;-0,3645790011526463;-0,3669861712422493;-0,7208148175265888;False;False;-19,74;-0,050974521532484655;0,7276533578369824;0,9163034002337909;-0,23942280901187712;-0,08075480513167414;;0,85168580176723;1,218409717074787;1,8903609667897714;-0,461533006055943;-15,428880723366817;5,6250459230283925
2025-09-01;2025-09-10;ISGSY.IS;94,75;86,5;0,06007290846747373;0,06013383181333078;-0,6925208776625958;False;False;-21,19;0,26513715707909846;0,6831964019531744;0,8768884669024086;-0,23942280901187712;-0,08075480513167414;;0,85168580176723;1,218409717074787;1,8903609667897714;-0,461533006055943;-15,428880723366817;-0,9268577394503846
2025-09-02;2025-09-11;ISGSY.IS;87,15;81,0;-0,023190013745348338;0,1277964065548089;-0,6106173675299843;False;False;-19,86;-0,36752516164570453;0,5416322615220944;0,7088016774431977;-0,23942280901187712;-0,08075480513167414;;0,85168580176723;1,218409717074787;1,8903609667897714;-0,461533006055943;-15,428880723366817;0,35779595605021647
2025-09-03;2025-09-12;ISGSY.IS;95,85;83,6;0,13700718821203775;0,3265552198579006;-0,8945495359897041;False;False;-26,52;-0,36821335955013046;0,38265845435815893;0,6027130397810252;-0,23942280901187712;-0,08075480513167414;;0,85168580176723;1,218409717074787;1,8903609667897714;-0,461533006055943;-15,428880723366817;-2,1138675651673986
2025-09-04;2025-09-15;ISGSY.IS;98,8;87,55;-0,8541958015012768;-0,5805461727700397;-0,8255520335143527;False;False;-20,84;-1,9403297394131809;0,2575189418312094;0,5005591078728102;-0,23942280901187712;-0,08075480513167414;;0,85168580176723;1,218409717074787;1,8903609667897714;-0,461533006055943;-15,428880723366817;13,179285135763918
2025-09-05;2025-09-16;TERA.IS;140,85;150,75;-1,3723190087938872;-1,5109065754653628;0,0887889705115285;True;True;1,97;-0,6736696587374407;-0,9564703326565069;-0,5888477823241705;-0,2205750782730471;;-0,4025808388891591;-0,35348137870921414;3,076137392144083;3,061842640512475;-0,3223736878663842;-25,839876362636897;35,46055351733046
2025-09-08;2025-09-17;DSTKF.IS;801,0;700,0;-0,6144503153015679;-0,7243291440956806;-0,8861109925214957;False;False;-21,38;0,26106711401788496;-0,3294452217383766;0,16981120880018954;0,13386280823123667;-0,0287661681684425;0,600442449112072;1,9162908644806467;0,9318054474538252;1,1610646605289119;-0,4812790287686558;-11,512246785020265;7,073703666885163
2025-09-09;2025-09-18;ISGSY.IS;89,5;85,9;-1,4988368264854126;-1,4897620208586508;-0,4597163549220213;False;False;-9,17;-2,2645072730699494;-0,5475604901106182;-0,22652955496922456;-0,23942280901187712;-0,08075480513167414;;0,85168580176723;1,218409717074787;1,8903609667897714;-0,461533006055943;-15,428880723366817;23,125374619633078
2025-09-10;2025-09-19;DSTKF.IS;649,0;693,0;-0,8625331000572862;-0,8575398381179653;0,07637934776416311;False;True;-1,36;-0,6796220658507856;-0,403743208590381;-0,1343576928581428;0,13386280823123667;-0,0287661681684425;0,600442449112072;1,9162908644806467;0,9318054474538252;1,1610646605289119;-0,4812790287686558;-11,512246785020265;9,929693908108057
2025-09-11;2025-09-22;KOTON.IS;18,85;20,94;-1,3824998684167373;-1,6187438039595934;0,29032124392874226;True;True;6,55;0,2611284655030148;-1,169871910975695;0,32459162879265846;-0,23434940664281004;-0,07912565445936014;-0,4928185135395076;-0,16286298062397367;-0,45524021573882734;0,2898814505317346;-0,4413229426997155;-6,852839327606445;9,474049468696954
2025-09-12;2025-09-23;DAPGM.IS;18,0;16,5;-1,0971056089351146;-1,2867742966342166;-0,6736582510866004;False;False;-14,44;0,264153785912268;-1,1396563821272236;0,48930029638309425;-0,2328085543562425;-0,07899225006187535;-0,36832419389876625;0,630865652758486;-0,004583512184592729;0,5025080687772375;0,7220230327550664;14,2328580125987;-15,61494835679912
2025-09-15;2025-09-24;FZLGY.IS;15,4;16,65;-1,7602372762612917;-1,9189964793749021;0,1428949256900415;True;True;5,0;-1,9399625254703043;-1,2362664623430917;-0,7173082349648422;-0,21745119662518317;-0,10169996929636638;;-0,7291958917125874;-0,5235412082371;-0,716269196108894;0,021817394758073316;4,270407959358719;-7,516931274906133
2025-09-16;2025-09-25;POLHO.IS;18,66;19,2;-0,3949289691634667;-0,09210696135499497;-0,11671438218484219;False;True;-8,87;-1,3139131502863695;-0,6499905403929874;-2,3183945102406356;-0,21611110923554794;-0,01942112274867599;;-0,1606711465834206;-0,35068865820612843;-0,36191857691221696;-0,3857907973917239;-5,277950974587396;2,084415737689115
2025-09-17;2025-09-26;HEDEF.IS;30,06;49,94;-0,2072159303875671;-0,25069112090533413;3,022423787988704;True;True;55,12;0,2637229597897749;-0,18282557237316718;0,2688745289888352;-0,04856531890114547;0,00929787948762879;0,6101613842996214;1,0143511994911314;0,8089036165521638;2,04071373250208;-0,41257628019563775;-13,798881421445639;2,8593480520525727
2025-09-18;2025-09-29;POLHO.IS;18,3;21,04;0,9513108630191285;1,0983314630028846;0,482918588967853;False;True;-2,42;0,2630453693201499;0,8475951244163591;-1,452035454596213;-0,21611110923554794;-0,01942112274867599;;-0,1606711465834206;-0,35068865820612843;-0,36191857691221696;-0,3857907973917239;-5,277950974587396;-5,0209720966073865
2025-09-19;2025-09-30;POLHO.IS;17,71;23,14;1,0966495130945173;1,1554217604410066;1,261746512592504;True;True;13,01;0,5753815678667924;1,4421505903517715;-1,0860420131808315;-0,21611110923554794;-0,01942112274867599;;-0,1606711465834206;-0,35068865820612843;-0,36191857691221696;-0,3857907973917239;-5,277950974587396;-5,788062366418001
2025-09-22;2025-10-01;IEYHO.IS;24,92;30,96;0,500766550952787;0,6733259154079757;0,943067400440161;True;True;8,86;-0,05540459138193875;-0,5505588305129838;-0,7915890260753702;-0,08785489561678389;-0,6018384455434372;;-0,415877485422101;-1,002098312431114;-0,5576946494886572;-0,3569830102698128;6,579154183704288;3,294620348760195
2025-09-23;2025-10-02;HEDEF.IS;43,96;63,85;1,591329227417754;1,364752851047454;1,9859720961287477;True;True;26,59;1,525839746913393;0,5447944385231502;0,2690688119512406;-0,04856531890114547;0,00929787948762879;0,6101613842996214;1,0143511994911314;0,8089036165521638;2,04071373250208;-0,41257628019563775;-13,798881421445639;-21,95856331161829
2025-09-24;2025-10-03;HEDEF.IS;48,34;70,2;1,1094443772151261;1,1681084932050336;1,9844829413990637;True;True;27,5;0,5804600726035198;0,774581848784112;0,32286926704227986;-0,04856531890114547;0,00929787948762879;0,6101613842996214;1,0143511994911314;0,8089036165521638;2,04071373250208;-0,41257628019563775;-13,798881421445639;-15,309091404881132
2025-09-25;2025-10-06;IEYHO.IS;27,94;30,74;1,1637331232580528;1,1215904730702677;0,2372080585700184;False;True;-7,48;0,8928931768161908;0,27627523332823567;0,3587028451082728;-0,08785489561678389;-0,6018384455434372;;-0,415877485422101;-1,002098312431114;-0,5576946494886572;-0,3569830102698128;6,579154183704288;7,656379646598476
2025-09-26;2025-10-07;ALKA.IS;15,84;12,1;-0,10741599024681833;0,11088076286943936;-1,4321343934055724;False;False;-36,33;-0,6853216444217162;0,0164965862643636;0,42307140871071647;-0,22578213933715463;-0,050527255188458256;;-0,2640716290809396;-0,3148131237586336;-0,20586754964642773;-0,38077279753182264;-5,376255296863102;0,5774957865322523
2025-09-29;2025-10-08;HEDEF.IS;48,0;68,5;-0,2901761783953855;-0,34795607209620866;1,8598903290155153;True;True;32,15;0,2668974151523656;1,3955757157811635;0,7781907448506874;-0,04856531890114547;0,00929787948762879;0,6101613842996214;1,0143511994911314;0,8089036165521638;2,04071373250208;-0,41257628019563775;-13,798881421445639;4,00410667700618
2025-09-30;2025-10-09;HEDEF.IS;52,8;69,0;-0,2285131880850966;-0,34372716117486635;1,2627392824122934;True;True;20,11;0,5813389303147594;1,54018422114173;0,8749784409336876;-0,04856531890114547;0,00929787948762879;0,6101613842996214;1,0143511994911314;0,8089036165521638;2,04071373250208;-0,41257628019563775;-13,798881421445639;3,1532263856227525
2025-10-01;2025-10-10;HEDEF.IS;58,05;65,0;0,24646518707608478;0,03898927720661897;0,3340031159994684;False;True;-0,41;1,211503237940444;1,663158300483476;0,937191547498032;-0,04856531890114547;0,00929787948762879;0,6101613842996214;1,0143511994911314;0,8089036165521638;2,04071373250208;-0,41257628019563775;-13,798881421445639;-3,40094389097731
2025-10-02;2025-10-13;HEDEF.IS;63,85;60,25;0,37895394135722776;0,1066518519480967;-0,540130710324949;False;False;-18,34;1,523022217825892;1,7420628664256133;0,9624760477873879;-0,04856531890114547;0,00929787948762879;0,6101613842996214;1,0143511994911314;0,8089036165521638;2,04071373250208;-0,41257628019563775;-13,798881421445639;-5,22914050097785
2025-10-03;2025-10-14;HEDEF.IS;70,2;66,25;0,19091071253950584;-0,020215475692174568;-0,5396343254150543;False;False;-17,73;1,2111831995902749;1,8099249256572578;0,9782685394580759;-0,04856531890114547;0,00929787948762879;0,6101613842996214;1,0143511994911314;0,8089036165521638;2,04071373250208;-0,41257628019563775;-13,798881421445639;-2,634354284416336
2025-10-06;2025-10-15;HEDEF.IS;63,2;72,75;-0,5450003431716397;-0,519226964410575;0,48986797770637747;True;True;5,37;-0,3662307278049377;1,6747124541420924;0,9376033494088403;-0,04856531890114547;0,00929787948762879;0,6101613842996214;1,0143511994911314;0,8089036165521638;2,04071373250208;-0,41257628019563775;-13,798881421445639;7,520395110072637
2025-10-07;2025-10-16;HEDEF.IS;66,85;70,0;-0,4964073753501448;-0,4579077560511108;-0,02637232858402224;False;True;-5,31;-0,37129618426058386;1,5547041816852731;0,9004197014509611;-0,04856531890114547;0,00929787948762879;0,6101613842996214;1,0143511994911314;0,8089036165521638;2,04071373250208;-0,41257628019563775;-13,798881421445639;6,849866509187705
2025-10-08;2025-10-17;IEYHO.IS;35,56;29,68;0,0325845874857787;0,28849502156581924;-1,0811902621100795;False;False;-30,1;-0,6795818021359006;0,4050674379397233;0,6719999229002707;-0,08785489561678389;-0,6018384455434372;;-0,415877485422101;-1,002098312431114;-0,5576946494886572;-0,3569830102698128;6,579154183704288;0,21437902508133932
2025-10-09;2025-10-20;DOFRB.IS;178,7;116,0;0,8249856561853324;0,5697175978350874;-2,001984269964591;False;False;-49,98;1,5235368386683417;1,2773815853072215;0,9086167303977735;-0,17835894074873232;-0,02114998983931196;0,07434760658036497;0,015131022695224212;0,2928459287018595;0,08327864624427082;-0,2966928119524346;-6,702215744289193;-5,529231853698086
2025-10-10;2025-10-21;HEDEF.IS;65,0;88,35;0,07707769562131507;0,34558531900394124;1,5228449751970718;True;True;22,09;-0,6799849243002037;0,8454455478681222;0,7345736865074722;-0,04856531890114547;0,00929787948762879;0,6101613842996214;1,0143511994911314;0,8089036165521638;2,04071373250208;-0,41257628019563775;-13,798881421445639;-1,0635859821168063
2025-10-13;2025-10-22;DOFRB.IS;144,9;98,5;0,07751794901041124;0,34769977446461237;-1,849594102626944;False;False;-45,86;-0,6849972197933865;0,6722550338772535;0,5707439642036187;-0,17835894074873232;-0,02114998983931196;0,07434760658036497;0,015131022695224212;0,2928459287018595;0,08327864624427082;-0,2966928119524346;-6,702215744289193;-0,5195420183225851
2025-10-14;2025-10-23;DOFRB.IS;159,3;92,3;0,00771027100184224;0,16585660484689024;-2,3479645521611374;False;False;-55,04;-0,3666752531397016;0,4025139753858978;0,415284482744736;-0,17835894074873232;-0,02114998983931196;0,07434760658036497;0,015131022695224212;0,2928459287018595;0,08327864624427082;-0,2966928119524346;-6,702215744289193;-0,05167589970128347
2025-10-15;2025-10-24;DOFRB.IS;143,4;92,95;-0,8978634345322577;-0,7158713222529957;-2,006451734153642;False;False;-43,99;-1,6286614917252293;0,07061554136406757;0,05469320622207771;-0,17835894074873232;-0,02114998983931196;0,07434760658036497;0,015131022695224212;0,2928459287018595;0,08327864624427082;-0,2966928119524346;-6,702215744289193;6,0176744471436665
2025-10-16;2025-10-27;BINBN.IS;148,0;189,6;-0,22961382155783702;0,4597659138801853;1,1351683605693772;True;True;13,74;-2,257815634489132;-1,4214751618541301;-1,5246262551029464;-0,18848004510352895;-0,1364828077819789;;-1,0435248473572771;-0,9773479937189532;;-0,4860273508917745;-5,150950483846849;1,1827294252512646
2025-10-17;2025-10-28;CVKMD.IS;20,94;20,02;-0,8000446346424419;-0,9886360766795792;-0,478082596588122;False;False;-11,91;0,5761726208955431;-0,7345316013399065;0,8115164918342206;-0,21316350323942315;-0,042418558603967274;;0,1210506910705217;-0,21781167870199275;-0,2508024314402525;-0,0675976169038814;0,7514644628941984;-0,6012051116629679
2025-10-20;2025-10-30;MOPAS.IS;35,58;36,9;-0,7377762959221457;-0,696841223106955;-0,07601081957348375;False;True;-5,19;-0,6844905582784413;-1,4513035110067256;-2,1759833179456307;-0,23269047822733177;-0,07627160886468594;-0,2550546112941882;-0,2700351255938729;-0,0800596340726995;0,06838175608436153;-0,389879967434883;-6,8694780053544156;5,06813803770903
2025-10-21;2025-10-31;HDFGS.IS;5,08;6,03;0,48805423434263395;0,3794166063746803;0,6680701603585443;True;True;4,71;0,8943798990485388;-0,030847449039371037;0,17430958974673202;-0,2395261493607477;-0,08042533669546176;-0,5126812760546224;0,9828541600457926;0,30462110411981763;1,3778429036755702;1,0713075097002962;18,12918831572858;8,848027122686338
2025-10-22;2025-11-03;HDFGS.IS;5,12;5,74;1,297542637706485;1,0602712647108032;0,34095250473799293;False;True;-5,1;1,5241005452597192;0,16815520364481293;0,4339180856088799;-0,2395261493607477;-0,08042533669546176;-0,5126812760546224;0,9828541600457926;0,30462110411981763;1,3778429036755702;1,0713075097002962;18,12918831572858;23,52339482666805
2025-10-23;2025-11-04;TRHOL.IS;418,0;458,0;1,1323925851217662;0,8890003723964365;0,21487073762476075;False;True;-6,83;1,5233543919354051;0,1577693366197793;0,4738694941207227;5,6158346996592785;1,6748666047958207;2,6524171730890758;-0,29602401208532136;1,7152921192656985;0,19740673369887654;-0,4929653931699577;-35,08990567132909;-39,73554899483528
2025-10-24;2025-11-05;HDFGS.IS;4,8;4,83;0,11304089434311257;0,2969528434085038;-0,22939375673091983;False;True;-12,97;-0,36856808508763106;0,3108436039946912;0,6539320384042349;-0,2395261493607477;-0,08042533669546176;-0,5126812760546224;0,9828541600457926;0,30462110411981763;1,3778429036755702;1,0713075097002962;18,12918831572858;2,0493396609246655
2025-10-27;2025-11-06;UFUK.IS;1601,0;1862,0;0,32835231744798093;0,669097004486633;0,5489377819838367;True;True;0,95;-0,6851822599994452;-0,6915003268950506;-1,2006481875055401;-0,12268213303900498;-2,0883791431866507;0,13894478212687675;-0,35348137870921414;0,4176227875363168;-0,4559399352816265;-0,4952333426431037;20,46691771007077;6,720359861118861
2025-10-28;2025-11-07;UFUK.IS;1700,0;1825,0;0,5643831656771906;0,5528019541497179;0,10467328762815614;False;True;-7,46;0,5786972356865707;-0,3493906532326111;-0,6083794395122561;-0,12268213303900498;-2,0883791431866507;0,13894478212687675;-0,35348137870921414;0,4176227875363168;-0,4559399352816265;-0,4952333426431037;20,46691771007077;11,551183808864298
2025-10-30;2025-11-10;UFUK.IS;1870,0;1890,0;1,826094347153312;1,5000780005304104;-0,20705643578566216;False;True;-18,22;1,83589615689274;0,24241288098819525;0,2474017494927288;-0,12268213303900498;-2,0883791431866507;0,13894478212687675;-0,35348137870921414;0,4176227875363168;-0,4559399352816265;-0,4952333426431037;20,46691771007077;37,374522734012245
2025-10-31;2025-11-11;UFUK.IS;1973,0;1856,0;2,6886883155768935;2,123842361428411;-0,5545258727118928;False;False;-28,17;2,4690140140839003;0,4966448875870526;0,48799381570920536;-0,12268213303900498;-2,0883791431866507;0,13894478212687675;-0,35348137870921414;0,4176227875363168;-0,4559399352816265;-0,4952333426431037;20,46691771007077;55,02916250294107
2025-11-03;2025-11-12;UFUK.IS;2170,0;1765,0;1,460078685793444;1,4472166140136307;-1,186423863007738;False;False;-37,7;0,8920945954378025;0,7435303083402441;0,6548671094308831;-0,12268213303900498;-2,0883791431866507;0,13894478212687675;-0,35348137870921414;0,4176227875363168;-0,4559399352816265;-0,4952333426431037;20,46691771007077;29,883310312362696
2025-11-04;2025-11-13;HDFGS.IS;5,36;3,73;-0,4158410051455369;-0,2845224082760732;-1,7696761321339105;False;False;-41,26;-0,684172311735469;-0,11577668902016164;0,5131868262014398;-0,2395261493607477;-0,08042533669546176;-0,5126812760546224;0,9828541600457926;0,30462110411981763;1,3778429036755702;1,0713075097002962;18,12918831572858;-7,538859891685296
2025-11-05;2025-11-14;UFUK.IS;1861,0;1606,0;0,1072075369375876;0,036874821745947445;-0,9402169477000087;False;False;-26,07;0,5758929106585384;0,9355252254517645;0,8378357642129323;-0,12268213303900498;-2,0883791431866507;0,13894478212687675;-0,35348137870921414;0,4176227875363168;-0,4559399352816265;-0,4952333426431037;20,46691771007077;2,194207836400978
2025-11-06;2025-11-17;UFUK.IS;1862,0;1766,0;0,16034061783413714;0,17642888215024596;-0,5163042346500074;False;False;-18,19;0,2667345057949009;0,9022557887523416;0,8009467779472397;-0,12268213303900498;-2,0883791431866507;0,13894478212687675;-0,35348137870921414;0,4176227875363168;-0,4559399352816265;-0,4952333426431037;20,46691771007077;3,2816782307931907
2025-11-07;2025-11-18;CEMZY.IS;8,47;6,15;-0,45950863817651805;-0,6038051828374227;-1,6182787346160532;False;False;-36,7;0,5765401553081932;-0,4925670441732137;0,13429524122982212;-0,20542237682524603;-0,048299132246629274;;-0,05520692424252373;-0,2722874902428227;0,07448701451565193;-0,049092130891765194;0,4049146893659783;-0,18606179748822851
2025-11-10;2025-11-19;UFUK.IS;1890,0;1939,0;-0,21175604346262178;-0,024444386613516857;-0,13160592948168065;False;True;-9,49;-0,679197345214507;0,5953093467405216;0,5163228792032383;-0,12268213303900498;-2,0883791431866507;0,13894478212687675;-0,35348137870921414;0,4176227875363168;-0,4559399352816265;-0,4952333426431037;20,46691771007077;-4,33399351615965
2025-11-11;2025-11-20;UFUK.IS;1856,0;1825,0;-0,032738009121372535;0,11510967379078166;-0,3430659010967867;False;False;-14,41;-0,3644325925696936;0,41473361531483804;0,31407630415947785;-0,12268213303900498;-2,0883791431866507;0,13894478212687675;-0,35348137870921414;0,4176227875363168;-0,4559399352816265;-0,4952333426431037;20,46691771007077;-0,670046138678678
2025-11-12;2025-11-21;MANAS.IS;11,8;9,31;0,026310976691157565;0,10242294102675442;-1,307541781022024;False;False;-33,78;-0,051460504667321764;-0,48255059890617824;-0,12247662553905878;-0,2056681825508682;-0,16041407441966357;;-0,48480639619092203;-1,6230826134014216;-0,6988487890366503;0,1501392130931034;12,137800239885431;0,3193573791935523
2025-11-13;2025-11-24;MANAS.IS;12,98;9,61;0,9409649083753671;0,7811631439022063;-1,548784847230807;False;False;-41,85;1,207654597978178;-0,21199051764510565;0,02315973649695021;-0,2056681825508682;-0,16041407441966357;;-0,48480639619092203;-1,6230826134014216;-0,6988487890366503;0,1501392130931034;12,137800239885431;11,421244090602302
2025-11-14;2025-11-25;MANAS.IS;11,69;9,32;-0,5978582657000042;-0,5171125089499039;-1,266341833500771;False;False;-30,02;-0,6867607587986582;-0,08163907358838837;0,17580682027670494;-0,2056681825508682;-0,16041407441966357;;-0,48480639619092203;-1,6230826134014216;-0,6988487890366503;0,1501392130931034;12,137800239885431;-7,256684200830999
2025-11-17;2025-11-26;SEKFK.IS;8,54;8,3;-0,6169267406152341;-0,6693533021182297;-0,3996537808247728;False;False;-11,84;-0,054075785207368825;-1,544690924107663;-2,607993543088645;-0,23853420860398317;;-0,507038972552111;-0,35348137870921414;0,42607293842048943;-0,004881638144700611;-0,48569621408771246;-11,888769030856881;7,334499528133872
2025-11-18;2025-11-27;TCKRC.IS;48,0;50,3;-0,9600492257420984;-0,8681121154213214;-0,02240124930486532;False;True;-3,3;-1,311550641583828;-1,5192504769551187;-2,4796570562663627;-0,218801091733854;-0,07073667388823447;-0,43154573454119133;0,2573856149306366;0,5230243577318833;0,6995865992534147;-0,4242549681858412;-10,65845063549596;10,232637280218272
2025-11-19;2025-11-28;SEGYO.IS;6,05;5,63;-0,9473093932951268;-1,233912910117437;-0,604660748611249;False;False;-13,3;1,2042355325049665;-1,0646571419356887;-0,4190689232886913;-0,24069365195836434;-0,08410810657754134;;-0,35348137870921414;-0,74311950435409;-1,4364483613805747;-0,269812934773873;1,5050813248358494;-1,425777676690074
2025-11-20;2025-12-01;KGYO.IS;6,2;4,6;-0,5591434832963557;-0,5995762719160804;-1,5413390735823878;False;False;-35,16;-0,05603473193422478;-1,5614426112887863;-2,69095115513352;-0,19515326202775354;-0,09163467488209877;;-1,0389276604821687;-1,381428963421942;-1,029348100781086;-0,184443773988713;3,777004039476891;-2,111887195057515
2025-11-21;2025-12-02;DENGE.IS;3,72;3,2;-0,9927105240456742;-1,2825453857128744;-0,954115725177058;False;False;-20,11;1,2056200288508807;-1,0584863064660817;-0,3781156498999512;-0,23925331509546546;-0,10315461623661698;;-0,4706590980542769;-0,7426944730222841;-0,6537511078404714;-0,21231392412513211;0,9300511272105982;-0,9232715418825029
2025-11-24;2025-12-03;MANAS.IS;9,61;9,56;-0,4123189780327673;-0,4896245879611783;-0,285981636458906;False;False;-10,4;0,26445923338427696;-0,4061577436067588;-0,6388566092285384;-0,2056681825508682;-0,16041407441966357;;-0,48480639619092203;-1,6230826134014216;-0,6988487890366503;0,1501392130931034;12,137800239885431;-5,004645390475439
2025-11-25;2025-12-04;MANAS.IS;9,32;9,19;-0,7275954362992957;-0,8025639961405144;-0,3291671236197375;False;False;-9,79;-0,052330521418737064;-0,5963618933112822;-1,0897587493454124;-0,2056681825508682;-0,16041407441966357;;-0,48480639619092203;-1,6230826134014216;-0,6988487890366503;0,1501392130931034;12,137800239885431;-8,831408061253136
2025-11-26;2025-12-05;GUNDG.IS;155,05;186,8;0,012608089955537971;0,36250096268931076;0,7559302894098912;True;True;6,57;-0,9998405056811839;-0,7500117634580122;-1,0740299721665705;0,08339947418178222;-0,35866378923536474;;-0,4536795062773537;-0,4538151945099025;-1,126788366263476;-0,4850364568135169;-0,1820808938419649;-0,0022956922887442536
2025-11-27;2025-12-08;GUNDG.IS;170,55;192,6;-0,07948741587602713;0,05801937635265964;0,3816560673493514;True;True;0,46;-0,36752516164570453;-0,4207779441538041;-0,5845476169109383;0,08339947418178222;-0,35866378923536474;;-0,4536795062773537;-0,4538151945099025;-1,126788366263476;-0,4850364568135169;-0,1820808938419649;0,014473139731895013
2025-11-28;2025-12-09;GUNDG.IS;170,0;178,8;1,0043613964052227;0,8488257186436844;-0,0030422378189753417;False;True;-11,03;1,20767026122824;-0,17711865936900428;-0,2678148969217107;0,08339947418178222;-0,35866378923536474;;-0,4536795062773537;-0,4538151945099025;-1,126788366263476;-0,4850364568135169;-0,1820808938419649;-0,182875020797827
2025-12-01;2025-12-10;GUNDG.IS;172,8;196,6;0,4417175651402571;0,3286696753185717;0,42335239978049904;True;True;0,02;0,8939410966590262;0,052069654467686965;0,04573366532007588;0,08339947418178222;-0,35866378923536474;;-0,4536795062773537;-0,4538151945099025;-1,126788366263476;-0,4850364568135169;-0,1820808938419649;-0,08042832908643438
2025-12-02;2025-12-11;GUNDG.IS;180,0;216,2;0,8673050132122063;0,6141211625091821;0,738060432653685;True;True;5,01;1,5218684052512452;0,27484599771553325;0,33226805249125496;0,08339947418178222;-0,35866378923536474;;-0,4536795062773537;-0,4538151945099025;-1,126788366263476;-0,4850364568135169;-0,1820808938419649;-0,15791967203929572
2025-12-03;2025-12-12;GUNDG.IS;191,5;232,1;-1,0421564828085428;-0,9209735019381011;0,7921663878321981;True;True;13,36;-1,6299118584731005;0,4936057110140922;0,573309899523636;0,08339947418178222;-0,35866378923536474;;-0,4536795062773537;-0,4538151945099025;-1,126788366263476;-0,4850364568135169;-0,1820808938419649;0,18975678391297782
2025-12-04;2025-12-15;YAYLA.IS;31,4;30,94;-0,4824843619199769;-0,5086546871072194;-0,3326418179889998;False;False;-11,26;-0,05039878715789652;-1,4624873660979627;-2,287230269382955;-0,23572198466152325;0,017567604612518033;;-0,23563471730805002;-0,3230882470353728;-0,402050638637583;-0,45587823037664904;-7,298515681148029;3,5214196813816523
2025-12-05;2025-12-16;GUNDG.IS;186,8;229,9;-0,7488651781600068;-0,7708471642304465;0,8849903659824911;True;True;14,53;-0,37176462171893265;0,7761904977718459;0,8310122574494639;0,08339947418178222;-0,35866378923536474;;-0,4536795062773537;-0,4538151945099025;-1,126788366263476;-0,4850364568135169;-0,1820808938419649;0,13635404100649634
2025-12-08;2025-12-17;GUNDG.IS;192,6;218,5;-0,32605682960672716;-0,45367884512976814;0,40746808266387136;True;True;3,4;0,580097331335174;0,8083224639063697;0,8633303433673695;0,08339947418178222;-0,35866378923536474;;-0,4536795062773537;-0,4538151945099025;-1,126788366263476;-0,4850364568135169;-0,1820808938419649;0,059368718978070126
2025-12-09;2025-12-18;GUNDG.IS;178,8;196,7;-0,6000870484823038;-0,4494499342084258;0,2367116736601238;False;True;-0,06;-0,999792463789174;0,7227179668391742;0,7646747195983821;0,08339947418178222;-0,35866378923536474;;-0,4536795062773537;-0,4538151945099025;-1,126788366263476;-0,4850364568135169;-0,1820808938419649;0,1092643861706444
2025-12-10;2025-12-19;GUNDG.IS;196,6;196,9;-0,8324582904146509;-0,8194796398258839;-0,2527238474959667;False;True;-8,17;-0,6772266260514092;0,6290718164749214;0,6926456505113552;0,08339947418178222;-0,35866378923536474;;-0,4536795062773537;-0,4538151945099025;-1,126788366263476;-0,4850364568135169;-0,1820808938419649;0,15157474960485365
2025-12-11;2025-12-22;GUNDG.IS;216,2;181,4;-0,8922502038212811;-0,9484614229268266;-1,0593493260747164;False;False;-23,8;-0,37283972756392947;0,5360217765623834;0,6548136519733339;0,08339947418178222;-0,35866378923536474;;-0,4536795062773537;-0,4538151945099025;-1,126788366263476;-0,4850364568135169;-0,1820808938419649;0,16246171464245424
2025-12-12;2025-12-23;MANAS.IS;16,25;14,05;-0,23770347758248023;0,12356749563346624;-0,9322747891416949;False;False;-26,32;-1,313602344674379;-0,7806098177207775;-1,438392700902786;-0,2056681825508682;-0,16041407441966357;;-0,48480639619092203;-1,6230826134014216;-0,6988487890366503;0,1501392130931034;12,137800239885431;-2,8851973272222295
2025-12-15;2025-12-24;MANAS.IS;17,87;15,45;0,7801348421711553;0,7008138363967009;-0,9322747891416949;False;False;-29,05;0,891729247230119;-0,4073282211457444;-0,8393851813750689;-0,2056681825508682;-0,16041407441966357;;-0,48480639619092203;-1,6230826134014216;-0,6988487890366503;0,1501392130931034;12,137800239885431;9,46912087444803
2025-12-16;2025-12-25;GUNDG.IS;229,9;230,7;-0,8920851088003698;-0,7750760751517891;-0,24279614929807447;False;True;-8,18;-1,3105224909062214;0,22624108145619654;0,600527536559451;0,08339947418178222;-0,35866378923536474;;-0,4536795062773537;-0,4538151945099025;-1,126788366263476;-0,4850364568135169;-0,1820808938419649;0,16243165399347786
2025-12-17;2025-12-26;VERUS.IS;237,0;315,25;-1,325046801139681;-1,3692380596003932;1,3788933513276334;True;True;27,29;-1,3089762854704845;-0,5382096913430817;-0,479606030029763;-0,19607653013474075;-0,16470255416709068;;-1,0132946310566238;-0,41173956769796266;-0,7287239731278345;-0,4939366662140385;-5,371171250058584;7,117053283263548
2025-12-18;2025-12-29;CVKMD.IS;23,62;25,4;-0,9538856782947512;-1,1620214244546165;0,11410460091615385;True;True;0,84;0,5724134818968061;-0,7346560941842053;0,8362388558413019;-0,21316350323942315;-0,042418558603967274;;0,1210506910705217;-0,21781167870199275;-0,2508024314402525;-0,0675976169038814;0,7514644628941984;-0,7168111889022334
2025-12-19;2025-12-30;KUYAS.IS;55,3;52,4;-1,150761490731216;-1,1789370681399862;-0,5202753139291643;False;False;-11,86;-1,0014853783559874;-0,750802218632123;-0,2605132950824949;-0,13612286226305068;-0,1630464531114464;-0,062230506811895334;-0,6989941123237068;-1,9084870151476283;-0,692417891098766;-0,34266666283294;3,6271184194331827;-4,173948199405581
2025-12-22;2025-12-31;CVKMD.IS;25,3;26,46;-0,5065882349729948;-0,8131362734438705;-0,03282533241265223;False;True;-3,77;1,5240201583271507;-0,6488280287030399;0,9102007282563679;-0,21316350323942315;-0,042418558603967274;;0,1210506910705217;-0,21781167870199275;-0,2508024314402525;-0,0675976169038814;0,7514644628941984;-0,3806830559025015
2025-12-23;2026-01-02;ALKLC.IS;217,4;212,9;-0,08166116698468977;-0,10479369411902222;-0,3629212974925713;False;False;-13,77;0,2648845972712235;0,28808402322543375;0,8895619121777154;-0,17078401365734971;-0,0549477918142036;;-0,09107329945157368;-0,3766640451684608;0,33652577896272895;-0,467953925785651;-7,642366917038315;0,6240846009705345
2025-12-24;2026-01-05;ADESE.IS;1,68;1,52;-0,32473606943943867;-0,45156438966909695;-0,7327280553640596;False;False;-19,58;0,576962157404189;-1,442442550007919;-2,256595743048101;-0,24190350364743182;-0,05662882197442836;-0,5180122814019167;-0,06386039889613579;-0,09770988951330645;-0,3606975227838457;3,969358274272116;76,54902978684088;-24,858231052381218
2025-12-25;2026-01-06;RYGYO.IS;20,8;23,16;-0,9400176965382205;-0,8998289473313891;0,3032272515860022;True;True;3,41;-1,000296265577425;-1,549383943303471;-2,4711229912730674;-0,23982666268038064;-0,06946798459296265;-0,5104907572064499;0,9351604775616555;0,33079649406164835;-0,20985633444334334;-0,44905977766472704;-7,4019295836518975;6,9579447971625665
2025-12-26;2026-01-07;AKENR.IS;11,9;11,16;-0,9734769541095329;-0,9442325120054841;-0,5689210350988366;False;False;-13,95;-0,9999532172628155;-1,4114921591558973;-1,6123280934877529;-0,24032156606573804;-0,052405696906577134;;-0,30259951705351823;-1,0515240987403587;-0,5754406716463634;-0,18036251924911387;2,0448954931033088;-1,9906586360985203
2025-12-29;2026-01-08;AKENR.IS;11,57;11,36;0,15037988490583545;0,6564102717226061;-0,35051167474520595;False;False;-17,11;-1,3143451397392605;-1,4067132071926816;-1,5592168192600881;-0,24032156606573804;-0,052405696906577134;;-0,30259951705351823;-1,0515240987403587;-0,5754406716463634;-0,18036251924911387;2,0448954931033088;0,3075111488973372
2025-12-30;2026-01-09;ALKIM.IS;17,63;19,62;-0,09032865558252139;0,43227799289146;0,3002489421266345;False;True;-2,96;-1,625647587944919;-1,40188961599552;-1,569844872441456;0,36521433678300613;1,5479666823278075;;-0,29304938301968;-0,46521536434130145;-0,4518697467133453;-0,4488275741920825;-28,765399815371794;2,598339892616243
2025-12-31;2026-01-12;MANAS.IS;15,95;18,93;-1,141873875438836;-1,0626420178030707;0,6670773905387551;True;True;11,52;-1,6313809366143668;-0,7176490659474822;-1,1882546959382734;-0,2056681825508682;-0,16041407441966357;;-0,48480639619092203;-1,6230826134014216;-0,6988487890366503;0,1501392130931034;12,137800239885431;-13,859836999220411
2026-01-02;2026-01-13;DSTKF.IS;560,0;660,0;-0,5125041398889751;-0,4790523106578226;0,6263738279273966;True;True;7,93;-0,3657793705870455;-1,4507459586098006;-1,8714469828596272;0,13386280823123667;-0,0287661681684425;0,600442449112072;1,9162908644806467;0,9318054474538252;1,1610646605289119;-0,4812790287686558;-11,512246785020265;5,90007413674643
2026-01-05;2026-01-14;ALKLC.IS;215,9;214,0;-1,3115365252617908;-1,255057464724149;-0,3038514932151121;False;False;-7,14;-1,9470229034859539;-0,6075075128373507;-0,04495771061021208;-0,17078401365734971;-0,0549477918142036;;-0,09107329945157368;-0,3766640451684608;0,33652577896272895;-0,467953925785651;-7,642366917038315;10,023243351148096
2026-01-06;2026-01-15;UNLU.IS;15,44;15,21;-0,9831074969960127;-0,8998289473313891;-0,33413097271868364;False;False;-9,43;-1,3111242294284533;-1,537212180817177;-2,4820590286612716;-0,23981137531920046;;;-0,35348137870921414;-0,39403930401236936;-0,7497261705612971;-0,46385555041963944;-6,31071019386639;6,204106502959209
2026-01-07;2026-01-16;AGESA.IS;205,81;210,36;-0,8225250733231677;-0,8067929070618567;-0,15046855605767603;False;True;-6,17;-0,6770778930380627;-1,535912749078017;-2,5500612792514854;-0,22097732826060845;-0,08005072636717118;-0,4917983241104322;-0,1183715961384617;1,741867415165036;-0,3135647391631491;-0,49152831167814665;-14,796683552160475;12,170643223680505
2026-01-08;2026-01-19;BALSU.IS;16,7;16,38;-0,9716884247163297;-0,942118056544813;-0,3554755238441521;False;False;-9,66;-0,9985252844256606;-1,4886976251720283;-2,395544423570778;-0,22808956387968715;-0,03731887231829945;;-0,3170029978914383;-0,8825965821816674;-0,330252504152725;-0,35688539881001596;-2,7363334483847144;2,658863537959545
2026-01-09;2026-01-20;EDATA.IS;9,21;8,92;-0,4882351718150463;-0,37755844854560544;-0,41653086776118975;False;False;-13,56;-0,6828711921897843;-0,36267706989683374;0,26052541275416824;-0,2068833519714737;0,011700506161521155;;-0,3284176141286042;-0,40393945149753174;-0,29329519195273146;-0,34350073197326003;-5,133140295467266;2,506179634108198
2026-01-12;2026-01-21;COSMO.IS;292,25;277,0;-0,8551038241162876;-1,0520697404997148;-0,5192825441093751;False;False;-12,44;0,584607124136866;-0,568985632475518;0,2087155651423602;-0,2056480532966146;-0,058305135817570325;-0,3786223468272079;-0,2806527070010311;-0,33058836376663087;-0,10167072229842829;-0,4945934930740388;-7,842834018927701;6,70643736149439
2026-01-13;2026-01-22;BAYRK.IS;5,36;5,01;-1,1484226446016421;-1,0732142951064267;-0,5843089673055697;False;False;-13,65;-1,6243195206405932;-1,4197147736516587;-1,5235491544324955;-0,21023677062678517;-0,09843964667298857;;-0,7380343913176747;-2,4465448807405035;-1,3421827127354102;-0,20086377658982912;8,810062794113302;-10,117675613122131
2026-01-14;2026-01-23;SEGMN.IS;23,94;33,5;-1,0773492380994218;-1,0816721169491115;1,7218953240648123;True;True;32,86;-1,0012533683732312;-1,3415319199136342;-1,7141857234204845;-0,2335456210104752;-0,06196028155673639;-0,3385343869996958;-0,20264335373076722;-0,06055933607151049;-0,16345619290531446;-0,42851556745942176;-7,317387569399763;7,883381922771015
2026-01-15;2026-01-26;SEGYO.IS;5,01;4,43;-0,9007801132350202;-0,8490820162752807;-0,8349833468023503;False;False;-19,76;-0,9936758833679814;-1,487270816663111;-2,118318781853006;-0,24069365195836434;-0,08410810657754134;;-0,35348137870921414;-0,74311950435409;-1,4364483613805747;-0,269812934773873;1,5050813248358494;-1,3557473262135507
2026-01-16;2026-01-27;SEGMN.IS;28,94;32,76;-0,6596863510312043;-0,2929802301187578;0,395058459916506;True;True;2,39;-1,941165747496716;-0,8819442874893119;-0,8428571655163054;-0,2335456210104752;-0,06196028155673639;-0,3385343869996958;-0,20264335373076722;-0,06055933607151049;-0,16345619290531446;-0,42851556745942176;-7,317387569399763;4,827180704738423
2026-01-19;2026-01-28;SEGMN.IS;31,82;33,02;0,09999838769113674;0,19123007037494436;-0,07303251011411606;False;True;-9,33;-0,05269143131212737;-0,5995861068667302;-0,5021284456035023;-0,2335456210104752;-0,06196028155673639;-0,3385343869996958;-0,20264335373076722;-0,06055933607151049;-0,16345619290531446;-0,42851556745942176;-7,317387569399763;-0,7317269590511423
2026-01-20;2026-01-29;SEGMN.IS;35,0;36,32;-0,7039593324721926;-0,5868895391520532;-0,07303251011411606;False;True;-5,65;-1,0007585550953173;-0,3032745916907662;-0,23965125899513604;-0,2335456210104752;-0,06196028155673639;-0,3385343869996958;-0,20264335373076722;-0,06055933607151049;-0,16345619290531446;-0,42851556745942176;-7,317387569399763;5,151143268794977
2026-01-21;2026-01-30;SEGMN.IS;34,5;35,0;0,1515905817258497;0,08550729734138489;-0,18819380920966677;False;True;-11,16;0,5820612306571276;-0,08109657320829951;-0,006123369030239194;-0,2335456210104752;-0,06196028155673639;-0,3385343869996958;-0,20264335373076722;-0,06055933607151049;-0,16345619290531446;-0,42851556745942176;-7,317387569399763;-1,1092470383588113
2026-01-22;2026-02-02;SEGMN.IS;35,4;38,5;1,4260966273225797;1,00106651181201;0,17466355992329688;False;True;-8,17;2,1518909451891672;0,13455516457197203;0,24338125710469585;-0,2335456210104752;-0,06196028155673639;-0,3385343869996958;-0,20264335373076722;-0,06055933607151049;-0,16345619290531446;-0,42851556745942176;-7,317387569399763;-10,435301733533171
2026-01-23;2026-02-03;ADEL.IS;34,16;34,02;-0,4641863304356652;-0,48539567703983605;-0,28052140245006524;False;False;-10,31;-0,05662863014910537;-1,50519145851403;-2,51132971688462;-0,20880239849956958;-0,016178317874462857;;-0,2958105246032338;-0,6992438507266663;-0,3980618530266297;-0,3587935603098758;-3,589301173303615;1,6661045404642325
2026-01-26;2026-02-04;SEGMN.IS;30,68;46,56;-0,02627178746902176;-0,03924557483821524;2,309118672470142;True;True;39,75;0,26050212733275807;0,29029752473160925;0,46670115327755757;-0,2335456210104752;-0,06196028155673639;-0,3385343869996958;-0,20264335373076722;-0,06055933607151049;-0,16345619290531446;-0,42851556745942176;-7,317387569399763;0,19224085105173228
2026-01-27;2026-02-05;SEGMN.IS;32,76;51,2;-0,14890987216913687;-0,10690814957969336;2,5339810366524027;True;True;44,6;-0,05570086616025601;0,3280699096182291;0,5220418956301522;-0,2335456210104752;-0,06196028155673639;-0,3385343869996958;-0,20264335373076722;-0,06055933607151049;-0,16345619290531446;-0,42851556745942176;-7,317387569399763;1,0896312475713499
2026-01-28;2026-02-06;SEGMN.IS;33,02;46,08;-0,16115441955337548;-0,19782973438855442;1,7030326974888168;True;True;28,29;0,2670629816886951;0,3235118863100722;0,5156698444459319;-0,2335456210104752;-0,06196028155673639;-0,3385343869996958;-0,20264335373076722;-0,06055933607151049;-0,16345619290531446;-0,42851556745942176;-7,317387569399763;1,1792293463937038
2026-01-29;2026-02-09;ALTNY.IS;16,9;15,93;-0,33596253086139216;-0,25914894274801875;-0,5450945594238951;False;False;-16,71;-0,37054206567704856;-1,382471425619814;-1,5136745289440436;-0,22541588094980267;-0,05830648333673684;2,5454845335914045;-0,09645325573293118;-0,23286190290923445;-0,2425806423919473;-0,02087659003441044;3,2163689037429584;-1,0805794370853656
2026-01-30;2026-02-10;SEGMN.IS;35,0;46,2;-0,10537981832224842;-0,20417310077056786;1,3282620905183826;True;True;20,77;0,5793217829719933;0,29502685492246966;0,47769119252019204;-0,2335456210104752;-0,06196028155673639;-0,3385343869996958;-0,20264335373076722;-0,06055933607151049;-0,16345619290531446;-0,42851556745942176;-7,317387569399763;0,771104972656826
2026-02-02;2026-02-11;A1YEN.IS;2,84;2,86;-0,7446002234531373;-0,7052990449496399;-0,2249262925418683;False;True;-8,15;-0,6859215532970983;-1,4860179705827434;-2,250569281534428;-0,24045204787681063;-0,07714008496750346;-0,41047817725988894;0,5762404659133626;-0,10798504258502795;-0,17973695531881653;0,3757006949239723;9,47234421438201;-7,053109618653877
2026-02-03;2026-02-12;SEGMN.IS;42,34;48,98;-0,8047498427384078;-0,6545521138935313;0,5181619175703706;True;True;6,58;-1,313801817799632;0,2625907280591146;0,45166065275563905;-0,2335456210104752;-0,06196028155673639;-0,3385343869996958;-0,20264335373076722;-0,06055933607151049;-0,16345619290531446;-0,42851556745942176;-7,317387569399763;5,8886664957304395
2026-02-04;2026-02-13;SEGMN.IS;46,56;47,84;1,677756470864705;1,2484578007105394;-0,12366377092336682;False;True;-15,35;2,1537707491422196;0,244723444436019;0,45017314243121004;-0,2335456210104752;-0,06196028155673639;-0,3385343869996958;-0,20264335373076722;-0,06055933607151049;-0,16345619290531446;-0,42851556745942176;-7,317387569399763;-12,276794344385408
2026-02-05;2026-02-16;SEGMN.IS;51,2;48,5;1,5692890421261245;1,1406205722163083;-0,5217644686588482;False;False;-22,87;2,1569885898253753;0,25437881317082667;0,4489135439911933;-0,2335456210104752;-0,06196028155673639;-0,3385343869996958;-0,20264335373076722;-0,06055933607151049;-0,16345619290531446;-0,42851556745942176;-7,317387569399763;-11,483096129648965
2026-02-06;2026-02-17;ALVES.IS;3,95;3,85;-0,8221398516077084;-0,8617687490393079;-0,3857550033477236;False;False;-10,65;-0,37140686903766124;-0,42956936863833767;0,2639280919483402;-0,2353677302116513;-0,07984590345386124;-0,274423646996582;-0,0479197876921136;-0,09418483699965019;1,0746951777062128;2,008058379347659;36,68507194686629;-30,160259606614755
2026-02-09;2026-02-18;CVKMD.IS;43,32;38,72;-0,8011727839520011;-0,942118056544813;-0,7873303954524672;False;False;-18,36;0,2632713470255778;-0,42681842979877815;0,4388896629822125;-0,21316350323942315;-0,042418558603967274;;0,1210506910705217;-0,21781167870199275;-0,2508024314402525;-0,0675976169038814;0,7514644628941984;-0,6020528757779402
2026-02-10;2026-02-19;LMKDC.IS;31,4;30,0;-0,7470766487668034;-0,7095279558709822;-0,48155729095738437;False;False;-13,3;-0,6805804717353854;-1,4997309275419723;-2,3202406156494617;-0,23324750762729698;-0,07957976841847494;-0,47689161059776575;0,18976611151071737;0,4433481707742764;1,2591562050244895;-0,3811233801822564;-10,812770454694625;8,077968315177966
2026-02-11;2026-02-20;PAPIL.IS;18,23;19,27;-0,8716408420442143;-0,8681121154213214;0,02276977749554467;False;True;-2,38;-0,685641878265381;-1,531688229301871;-2,4724268035637547;-0,21145515485588626;-0,11379934389248511;7,917288017865062;-1,2694830254069804;-0,1731610135290132;-0,9657717553445334;-0,26866097939802597;2,4693099828752425;-2,1523514327415607
2026-02-12;2026-02-23;ZERGY.IS;18,78;16,83;-0,36515683372583496;-0,2950946855794289;-0,7754171576149965;False;False;-21,18;-0,37161101809309216;0,3069037255232316;0,8117113420348199;-0,22378754640511384;0,03725957595235334;;-0,08990623322111065;;;-0,20420890809835132;-4,74767840239007;1,7336472129652887
2026-02-13;2026-02-24;ZERGY.IS;18,6;17,12;-0,8108858743489364;-0,7898772633764871;-0,6552920094204997;False;False;-16,41;-0,6877495035784225;0,14138931347041586;0,6163173074816013;-0,22378754640511384;0,03725957595235334;;-0,08990623322111065;;;-0,20420890809835132;-4,74767840239007;3,849825352449634
2026-02-16;2026-02-25;ZGYO.IS;33,1;27,62;-0,481741434325877;-0,5699738954666836;-1,0821830319298686;False;False;-26,06;0,26203465922868435;0,674300628483527;0,7881828910444774;-0,2291839184141112;6,589793863783483;;-0,2660072747271423;-0,045034104787960494;-0,42256438983575817;-0,20683252066828042;-101,10008806403444;48,70410143444043
2026-02-17;2026-02-26;ZGYO.IS;32,92;24,86;-1,0163191120359587;-0,9442325120054841;-1,475319880566404;False;False;-32,21;-1,317390510169276;0,5252527901436769;0,7396145800321791;-0,2291839184141112;6,589793863783483;;-0,2660072747271423;-0,045034104787960494;-0,42256438983575817;-0,20683252066828042;-101,10008806403444;102,7499517279967
2026-02-18;2026-02-27;AKFYE.IS;19,8;17,85;0,10291506639389922;0,5908621524417992;-0,7491087573905819;False;False;-24,84;-1,3132142172966632;-1,3946950025372473;-1,5838963275840472;-0,24111004837986844;-0,07329628654502561;-0,3988903055108633;0,40993157107769895;-0,12401028381736078;-0,3133205278490522;-0,335791242232016;-3,9356714972992815;-0,40503989344913227
2026-02-19;2026-03-02;ZGYO.IS;33,0;22,1;-0,13999474103993848;-0,17245626886049994;-1,8997289785263;False;False;-44,41;0,2638335223590163;0,20872833512553904;0,6401042544822038;-0,2291839184141112;6,589793863783483;;-0,2660072747271423;-0,045034104787960494;-0,42256438983575817;-0,20683252066828042;-101,10008806403444;14,153480647639476
2026-02-20;2026-03-03;SAHOL.IS;103,64;90,55;-0,7257793910692738;-0,8004495406798433;-0,887103762341285;False;False;-21,04;-0,05195573587744528;-1,5282502465004046;-2,433985966097708;-0,24116860608470228;;-0,39751833793303676;-0,35348137870921414;-0,12821034638682355;-0,38226952300977396;0,04586458068434109;1,2295647060475843;-0,8923927236354864
2026-02-23;2026-03-04;DSTKF.IS;1402,0;1610,0;-0,488923067735509;-0,4494499342084258;0,4764655851392229;True;True;4,77;-0,36752516164570453;-0,3138263230991757;0,5293079642833922;0,13386280823123667;-0,0287661681684425;0,600442449112072;1,9162908644806467;0,9318054474538252;1,1610646605289119;-0,4812790287686558;-11,512246785020265;5,628603014660358
2026-02-24;2026-03-05;ZGYO.IS;30,68;22,02;0,044801619033198604;-0,30143805196144274;-1,6614642217768845;False;False;-38,99;1,8357643916957294;-0,3873309986507518;-0,33827354356812395;-0,2291839184141112;6,589793863783483;;-0,2660072747271423;-0,045034104787960494;-0,42256438983575817;-0,20683252066828042;-101,10008806403444;-4,5294476296677
2026-02-25;2026-03-06;GUNDG.IS;425,75;662,0;-0,2777940518270544;-0,18725745708519834;2,4942702438608335;True;True;44,18;-0,3696153117798361;0,052741864009691976;0,7397681225510889;0,08339947418178222;-0,35866378923536474;;-0,4536795062773537;-0,4538151945099025;-1,126788366263476;-0,4850364568135169;-0,1820808938419649;0,050580989260651195
2026-02-26;2026-03-09;GUNDG.IS;468,25;651,0;0,626293798518846;0,5316573995430061;1,677220682174297;True;True;24,32;0,8926105821848844;0,21508587380987282;0,7896831315483658;0,08339947418178222;-0,35866378923536474;;-0,4536795062773537;-0,4538151945099025;-1,126788366263476;-0,4850364568135169;-0,1820808938419649;-0,11403613464199096
2026-02-27;2026-03-10;GUNDG.IS;484,0;670,5;-0,29622966249545857;-0,2845224082760732;1,6524014366795663;True;True;27,68;-0,05276627437757595;0,3414740652944581;0,8328190657043903;0,08339947418178222;-0,35866378923536474;;-0,4536795062773537;-0,4538151945099025;-1,126788366263476;-0,4850364568135169;-0,1820808938419649;0,05393776172967669
2026-03-02;2026-03-11;GUNDG.IS;532,0;669,5;-0,14747904865457406;-0,026558842074188002;1,0229853709331942;True;True;13,77;-0,3663500366407162;0,48078750563916295;0,8560706610078629;0,08339947418178222;-0,35866378923536474;;-0,4536795062773537;-0,4538151945099025;-1,126788366263476;-0,4850364568135169;-0,1820808938419649;0,02685311700198748
2026-03-03;2026-03-12;MANAS.IS;21,74;18,7;0,006251931650460998;-0,07730577313029659;-0,954115725177058;False;False;-25,81;0,5761937019924347;-0,12405566629905261;-0,11326147163961091;-0,2056681825508682;-0,16041407441966357;;-0,48480639619092203;-1,6230826134014216;-0,6988487890366503;0,1501392130931034;12,137800239885431;0,07588469748671282
2026-03-04;2026-03-13;MANAS.IS;23,62;19,85;0,8152725657883972;0,64583799441925;-1,0523999373361919;False;False;-31,22;1,2117549996488914;0,09881137680530473;-0,02259898499459315;-0,2056681825508682;-0,16041407441966357;;-0,48480639619092203;-1,6230826134014216;-0,6988487890366503;0,1501392130931034;12,137800239885431;9,895615544598419
2026-03-05;2026-03-16;MANAS.IS;21,26;21,82;0,7080983813802869;0,7156150246213994;-0,1296203898421022;False;True;-12,94;0,5773506837843676;0,20617924677603366;0,0811002919055365;-0,2056681825508682;-0,16041407441966357;;-0,48480639619092203;-1,6230826134014216;-0,6988487890366503;0,1501392130931034;12,137800239885431;8,594756703380131
2026-03-06;2026-03-17;MANAS.IS;19,14;24,0;-0,18531332428003028;-0,15131171425378814;1,000151665078042;True;True;13,91;-0,05287964100101383;0,1995968602096066;0,07226434130027265;-0,2056681825508682;-0,16041407441966357;;-0,48480639619092203;-1,6230826134014216;-0,6988487890366503;0,1501392130931034;12,137800239885431;-2,2492961119001182
2026-03-09;2026-03-18;GUNDG.IS;651,0;719,0;-0,519988447503611;-0,6143774601407789;0,2585526096954868;True;True;1,16;0,26133734175653894;1,0352254930883953;0,9970371688954341;0,08339947418178222;-0,35866378923536474;;-0,4536795062773537;-0,4538151945099025;-1,126788366263476;-0,4850364568135169;-0,1820808938419649;0,09467996130895313
2026-03-10;2026-03-19;GUNDG.IS;670,5;647,5;-0,4210139824674176;-0,5001968652645344;-0,430429645238239;False;False;-13,26;0,266711866196555;0,9915377392487048;0,9816270378119383;0,08339947418178222;-0,35866378923536474;;-0,4536795062773537;-0,4538151945099025;-1,126788366263476;-0,4850364568135169;-0,1820808938419649;0,07665860224763274
2026-03-11;2026-03-23;GUNDG.IS;669,5;712,0;-0,7600641237451418;-0,9442325120054841;0,05503479663869463;False;True;-1,38;0,581320799296279;0,9453078252229781;0,9548970877915112;0,08339947418178222;-0,35866378923536474;;-0,4536795062773537;-0,4538151945099025;-1,126788366263476;-0,4850364568135169;-0,1820808938419649;0,13839315502872523
2026-03-12;2026-03-24;GUNDG.IS;667,5;735,5;-0,3312298069286079;-0,32681151748949683;0,24564660203822686;False;True;-0,46;-0,05159062789707964;0,8271102586900759;0,8927019277095988;0,08339947418178222;-0,35866378923536474;;-0,4536795062773537;-0,4538151945099025;-1,126788366263476;-0,4850364568135169;-0,1820808938419649;0,060310619312662385
2026-03-13;2026-03-25;INVES.IS;419,0;439,0;0,10973899392489081;0,20180234767830044;-0,02339401912465457;False;True;-8,38;-0,04861529942366482;-0,16966179978730775;0,33824029027816366;-0,21993566967133177;-0,06551773215633028;-0,3349865322799661;4,78424863346313;0,20069455589805063;0,5309179849838404;-0,4925221043182713;-3,5432326030509254;-0,38883078110068053
2026-03-16;2026-03-26;ALKLC.IS;271,5;306,0;-0,5194931624408776;-0,5530582517813142;0,37073559933166994;True;True;3,13;-0,05052094884958455;-1,495340159573487;-2,390716345319552;-0,17078401365734971;-0,0549477918142036;;-0,09107329945157368;-0,3766640451684608;0,33652577896272895;-0,467953925785651;-7,642366917038315;3,9701573582657743
2026-03-17;2026-03-27;INVES.IS;419,0;447,0;-0,7264122553160997;-0,7433592432417212;0,07141549866521693;False;True;-2,0;-0,3698854901727486;0,10656885971997389;0,703124166921001;-0,21993566967133177;-0,06551773215633028;-0,3349865322799661;4,78424863346313;0,20069455589805063;0,5309179849838404;-0,4925221043182713;-3,5432326030509254;2,573847586291757
2026-03-18;2026-03-30;GUNDG.IS;719,0;850,0;-0,5845956323534808;-0,5678594400060125;0,6442436846836027;True;True;8,71;-0,36835374902800533;0,2242809213094192;0,6084975264515622;0,08339947418178222;-0,35866378923536474;;-0,4536795062773537;-0,4538151945099025;-1,126788366263476;-0,4850364568135169;-0,1820808938419649;0,10644369527503048
2026-03-19;2026-03-31;INVES.IS;424,5;455,0;-0,4344141949980338;-0,5149980534892328;0,09623474415994769;False;True;-2,57;0,2627026461441794;0,18668522388967218;0,817838182749492;-0,21993566967133177;-0,06551773215633028;-0,3349865322799661;4,78424863346313;0,20069455589805063;0,5309179849838404;-0,4925221043182713;-3,5432326030509254;1,5392305389451555
2026-03-23;2026-04-01;INVES.IS;427,5;472,75;-0,19367813867285846;-0,30355250742211387;0,2650056135241169;False;True;-0,17;0,5774728953916525;0,13751883466917944;0,7627681284753309;-0,21993566967133177;-0,06551773215633028;-0,3349865322799661;4,78424863346313;0,20069455589805063;0,5309179849838404;-0,4925221043182713;-3,5432326030509254;0,6862466954438904
2026-03-24;2026-04-02;INVES.IS;435,75;490,0;-0,4931329907687415;-0,5213414198712463;0,35782959167440986;True;True;2,72;-0,050872786700317835;0,06276321776481184;0,691880414208178;-0,21993566967133177;-0,06551773215633028;-0,3349865322799661;4,78424863346313;0,20069455589805063;0,5309179849838404;-0,4925221043182713;-3,5432326030509254;1,747284890531816
2026-03-25;2026-04-03;INVES.IS;439,0;500,0;-1,18419323246571;-1,312147762162271;0,42980540360912917;True;True;7,9;-0,36015834200767943;-0,058263234454666114;0,5997231927235956;-0,21993566967133177;-0,06551773215633028;-0,3349865322799661;4,78424863346313;0,20069455589805063;0,5309179849838404;-0,4925221043182713;-3,5432326030509254;4,195872069584768
2026-03-26;2026-04-06;SMRVA.IS;11,58;11,69;-0,923865900325753;-0,8173651843652128;-0,2140058245241868;False;True;-7,39;-1,3170821240101407;-1,3972304359815657;-1,0983321223396325;-0,22482582050953653;-0,07540313276186843;-0,4448311676543633;0,3381133960627718;0,42199785271284057;0,5685265273547591;0,10689853086540234;0,260242594543457;-0,24042925891100078
2026-03-27;2026-04-07;ASELS.IS;330,75;342,0;-0,846436335518456;-0,8363952835112535;-0,09139875178021684;False;True;-4,84;-0,6825285429890394;-1,5439170425221742;-2,432216940403815;-0,211283341851943;-0,058117830653425046;-0,22896400862840374;0,020952192322407293;0,18209427880471538;0,16639186424706498;-0,09137039502262757;-2,243819954438293;1,8992507397979377
2026-03-30;2026-04-08;MARKA.IS;52,05;60,5;-0,2529747670167551;-0,23166102175929348;0,5454630876145744;True;True;5,14;-0,0567318880165008;-0,29143227373062286;-0,841136742673818;-0,20038174592888455;-0,1138168616416498;;-0,7596823106402798;0,5261244039141059;-0,9284074242877116;-0,44189141120126374;-7,9185620599360895;2,0031963922200484
2026-03-31;2026-04-09;MARKA.IS;57,25;61,8;0,09262414342377517;0,18277224853225976;0,1344563822218331;False;True;-5,11;-0,054140597836579686;0,044007428996464946;-0,3357329826675915;-0,20038174592888455;-0,1138168616416498;;-0,7596823106402798;0,5261244039141059;-0,9284074242877116;-0,44189141120126374;-7,9185620599360895;-0,7334500279495849
2026-04-01;2026-04-10;MARKA.IS;58,5;59,4;1,593420431015961;1,1659940377443627;-0,18372634502061524;False;True;-16,17;2,1517182784518227;0,3464487474655114;0,09332943363850449;-0,20038174592888455;-0,1138168616416498;;-0,7596823106402798;0,5261244039141059;-0,9284074242877116;-0,44189141120126374;-7,9185620599360895;-12,61759857057
2026-04-02;2026-04-13;VERUS.IS;468,5;505,0;-0,3849132045615276;-0,6334075592868195;0,12651422366351922;False;True;-1,41;1,2039942021815804;-0,7807692530403277;0,9023564030086171;-0,19607653013474075;-0,16470255416709068;;-1,0132946310566238;-0,41173956769796266;-0,7287239731278345;-0,4939366662140385;-5,371171250058584;2,067434738108796
2026-04-03;2026-04-14;UCAYM.IS;26,86;29,12;-0,7487826306495511;-0,7708471642304465;0,15729008807698538;False;True;-0,13;-0,37121164866590195;-1,491883468598111;-2,3683213966083985;-0,232698470037002;-0,07177965372311541;0,24735297092372957;-0,15095022028668206;0,040742148043969854;0,498275072666225;-0,19362912543136265;-4,153610039952995;3,1101510524083906
2026-04-06;2026-04-15;MARKA.IS;50,0;55,6;-0,47301891405440827;-0,4304198350623852;0,29578147793758297;True;True;1,04;-0,36442285219465237;0,7666105691035879;0,7134732996753828;-0,20038174592888455;-0,1138168616416498;;-0,7596823106402798;0,5261244039141059;-0,9284074242877116;-0,44189141120126374;-7,9185620599360895;3,745629626463407
2026-04-07;2026-04-16;MARKA.IS;55,0;54,1;0,36654429895207774;0,24620591235239522;-0,34157674636710283;False;False;-15,0;0,8937252475259795;0,7378824085344564;0,681852553457051;-0,20038174592888455;-0,1138168616416498;;-0,7596823106402798;0,5261244039141059;-0,9284074242877116;-0,44189141120126374;-7,9185620599360895;-2,9025037789677945
2026-04-08;2026-04-17;ARMGD.IS;140,9;147,5;1,0551281153353802;0,7198439355427416;-0,0278614833137061;False;True;-10,91;1,8377260567884217;-0,21545177080968062;0,329806994438211;-0,2191991061952653;-0,06589234248462084;-0,2573917277497299;-0,16696200916626794;0,24092015514963183;0,1298416034654081;-0,473813718975463;-9,821069305191015;-10,362486346564348
2026-04-09;2026-04-20;ARMGD.IS;147,2;145,2;-0,5572173747190599;-0,5974618164554093;-0,3276779688900537;False;False;-10,73;-0,05502161759997097;-0,014768828083393153;0,4732918961074854;-0,2191991061952653;-0,06589234248462084;-0,2573917277497299;-0,16696200916626794;0,24092015514963183;0,1298416034654081;-0,473813718975463;-9,821069305191015;5,472470455172479
2026-04-10;2026-04-21;ARMGD.IS;147,6;139,6;1,2359897107434696;0,9016871051604641;-0,5292102423072673;False;False;-21,88;1,8413267065305206;0,13009067373498173;0,5898899674760198;-0,2191991061952653;-0,06589234248462084;-0,2573917277497299;-0,16696200916626794;0,24092015514963183;0,1298416034654081;-0,473813718975463;-9,821069305191015;-12,138740609714612
2026-04-13;2026-04-22;ARMGD.IS;149,1;145,0;-0,7286685539352179;-0,6207208265227923;-0,39667547136540515;False;False;-12,01;-0,9957019527243961;0,20193263747097628;0,6363445556015833;-0,2191991061952653;-0,06589234248462084;-0,2573917277497299;-0,16696200916626794;0,24092015514963183;0,1298416034654081;-0,473813718975463;-9,821069305191015;7,156304368711092
2026-04-14;2026-04-23;ANELE.IS;26,18;46,3;0,4082583075689444;0,2927239324871615;3,5545484113957317;True;True;63,28;0,8909323783473854;-0,22238414433179193;0,4510342372413835;-0,18295682432556157;-0,09571361539913312;;-0,6812886477363821;-1,2885276294457595;-1,0141255955357145;-0,4130369763446904;-0,33453046993225843;-0,13657484348478746
2026-04-15;2026-04-24;SMRVA.IS;19,63;17,36;0,14363850488529922;0,33501304170058516;-0,8344869618924557;False;False;-25,35;-0,36901192881658584;-0,6898620149195968;-0,8734579830876134;-0,22482582050953653;-0,07540313276186843;-0,4448311676543633;0,3381133960627718;0,42199785271284057;0,5685265273547591;0,10689853086540234;0,260242594543457;0,037380857187693295
2026-04-16;2026-04-27;ANELE.IS;31,64;54,0;1,3722481346687492;1,039126710104091;3,2477825370808597;True;True;53,56;1,8423374357609017;0,27772614138297846;0,5841380737360881;-0,18295682432556157;-0,09571361539913312;;-0,6812886477363821;-1,2885276294457595;-1,0141255955357145;-0,4130369763446904;-0,33453046993225843;-0,45905881335440174
2026-04-17;2026-04-28;ANELE.IS;34,8;48,6;1,5823315487780998;1,3562950292047695;1,7084929314976576;True;True;21,05;1,5232192586518503;0,540458144386328;0,6517965218429347;-0,18295682432556157;-0,09571361539913312;;-0,6812886477363821;-1,2885276294457595;-1,0141255955357145;-0,4130369763446904;-0,33453046993225843;-0,529338116601376
2026-04-20;2026-04-29;ANELE.IS;38,28;43,74;1,0229621020945376;1,0708435420141593;0,4476752603653353;False;True;-3,0;0,579154453033668;0,802931772577463;0,7153457493028711;-0,18295682432556157;-0,09571361539913312;;-0,6812886477363821;-1,2885276294457595;-1,0141255955357145;-0,4130369763446904;-0,33453046993225843;-0,3422119927365766
2026-04-21;2026-04-30;ANELE.IS;42,1;48,1;0,5669146226644939;0,6500669053405924;0,4471788754554406;False;True;-1,02;0,2653410904406632;1,059912603781113;0,7734711176041593;-0,18295682432556157;-0,09571361539913312;;-0,6812886477363821;-1,2885276294457595;-1,0141255955357145;-0,4130369763446904;-0,33453046993225843;-0,1896502151314221
2026-04-22;2026-05-01;ANELE.IS;46,3;48,1;0,04964440631325695;0,04956155450997469;-0,06707589119538068;False;True;-8,54;0,25893369489550344;1,3001420578863951;0,8190557258316108;-0,18295682432556157;-0,09571361539913312;;-0,6812886477363821;-1,2885276294457595;-1,0141255955357145;-0,4130369763446904;-0,33453046993225843;-0,016607566573481825
2026-04-23;2026-05-04;ANELE.IS;46,3;52,9;0,04964440631325695;0,04956155450997469;0,4471788754554406;True;True;1,83;0,25893369489550344;1,4464118819325598;0,8598782202207518;-0,18295682432556157;-0,09571361539913312;;-0,6812886477363821;-1,2885276294457595;-1,0141255955357145;-0,4130369763446904;-0,33453046993225843;-0,016607566573481825
2026-04-24;2026-05-05;ANELE.IS;50,9;58,15;0,04964440631325695;0,04956155450997469;0,4466824905455461;True;True;1,82;0,25893369489550344;1,6068188296651924;0,9034465269251142;-0,18295682432556157;-0,09571361539913312;;-0,6812886477363821;-1,2885276294457595;-1,0141255955357145;-0,4130369763446904;-0,33453046993225843;-0,016607566573481825
2026-04-27;2026-05-06;ANELE.IS;54,0;62,05;0,04964440631325695;0,04956155450997469;0,47994027950848517;True;True;2,48;0,25893369489550344;1,743984791747303;0,9438558920174279;-0,18295682432556157;-0,09571361539913312;;-0,6812886477363821;-1,2885276294457595;-1,0141255955357145;-0,4130369763446904;-0,33453046993225843;-0,016607566573481825
2026-04-28;2026-05-07;ANELE.IS;48,6;61,45;0,19016778494540573;0,21237462498165616;1,0522720806169765;True;True;13,24;0,26214776735316975;1,7167643334736349;0,9310588103749855;-0,18295682432556157;-0,09571361539913312;;-0,6812886477363821;-1,2885276294457595;-1,0141255955357145;-0,4130369763446904;-0,33453046993225843;-0,06361691846376324
2026-04-29;2026-05-08;ANELE.IS;43,74;55,35;0,44612009903121924;0,4195912601274328;1,0572359297159226;True;True;12,36;0,5771696345211591;1,5843317071905176;0,835071230830755;-0,18295682432556157;-0,09571361539913312;;-0,6812886477363821;-1,2885276294457595;-1,0141255955357145;-0,4130369763446904;-0,33453046993225843;-0,14924076637513944
2026-04-30;2026-05-11;HLGYO.IS;5,83;5,9;-1,8073443888945868;-2,0500927179365163;-0,20060343195703215;False;True;-1,3;-0,9859370457710157;-1,3714358545189784;-0,8848423567906415;-0,24151099324241226;-0,07152295132189472;-0,5227399739806587;-0,1649694185330766;0,45294831379019146;-0,2747351402217461;0,33752360916400387;5,536317241413969;-10,006031901409894
2026-05-01;2026-05-12;HLGYO.IS;5,83;5,93;-1,7835707058833912;-1,9972313314197363;-0,1747914166425122;False;True;-1,03;-1,3228514621154406;-1,4268112249495908;-1,1961045067738891;-0,24151099324241226;-0,07152295132189472;-0,5227399739806587;-0,1649694185330766;0,45294831379019146;-0,2747351402217461;0,33752360916400387;5,536317241413969;-9,874413250263101
2026-05-04;2026-05-13;CEMZY.IS;12,02;13,45;-2,1015712319949524;-2,439152522700015;0,33052842163020607;True;True;11,24;-1,0026901184667147;-1,2924350424595779;-1,189506424010915;-0,20542237682524603;-0,048299132246629274;;-0,05520692424252373;-0,2722874902428227;0,07448701451565193;-0,049092130891765194;0,4049146893659783;-0,8509570625837125
2026-05-05;2026-05-14;HLGYO.IS;6,0;5,97;-2,0159419478157385;-2,324971927823771;-0,28498886663911677;False;False;-1,7;-1,0268072841204443;-1,5430547113116775;-1,15558528544223;-0,24151099324241226;-0,07152295132189472;-0,5227399739806587;-0,1649694185330766;0,45294831379019146;-0,2747351402217461;0,33752360916400387;5,536317241413969;-11,160894163381933
2026-05-06;2026-05-15;HLGYO.IS;6,11;6,0;-1,9860047173571955;-2,2763394522283336;-0,3495189049254167;False;False;-3,23;-1,293271657417216;-1,525196369803028;-1,1515755107155308;-0,24151099324241226;-0,07152295132189472;-0,5227399739806587;-0,1649694185330766;0,45294831379019146;-0,2747351402217461;0,33752360916400387;5,536317241413969;-10,995152158234118
2026-05-07;2026-05-18;CEMZY.IS;13,1;13,2;-2,1015712319949524;-2,439152522700015;-0,22244436799239525;True;True;0,1;-1,0026901184667147;-1,5003542218882808;-2,623878696869904;-0,20542237682524603;-0,048299132246629274;;-0,05520692424252373;-0,2722874902428227;0,07448701451565193;-0,049092130891765194;0,4049146893659783;-0,8509570625837125
2026-05-08;2026-05-19;A1YEN.IS;3,52;3,54;-1,828999352470757;-2,0606649952398723;-0,2318756812803929;False;True;-1,88;-1,3053900299128853;-1,1794821015832937;-0,6902717523735372;-0,24045204787681063;-0,07714008496750346;-0,41047817725988894;0,5762404659133626;-0,10798504258502795;-0,17973695531881653;0,3757006949239723;9,47234421438201;-17,324911434484818
2026-05-12;2026-05-21;HLGYO.IS;5,93;5,5;-1,6207319835914276;-1,8513339046334243;-0,620048680817982;False;False;-10,69;-0,37989471874763436;-1,5043124518181838;-1,1434007013991485;-0,24151099324241226;-0,07152295132189472;-0,5227399739806587;-0,1649694185330766;0,45294831379019146;-0,2747351402217461;0,33752360916400387;5,536317241413969;-8,972886424468282
2026-05-13;2026-05-22;HLGYO.IS;5,95;5,77;-1,5181804597688275;-1,7519544979818784;-0,4105742488424544;False;False;-6,94;-0,05071827261962079;-1,5075195648668949;-1,2097340549722428;-0,24151099324241226;-0,07152295132189472;-0,5227399739806587;-0,1649694185330766;0,45294831379019146;-0,2747351402217461;0,33752360916400387;5,536317241413969;-8,405128654995947
2026-05-14;2026-05-25;A1YEN.IS;3,95;3,41;-1,8602573430965885;-2,102954104453296;-0,9387277929703248;False;False;-15,92;-1,315910812461958;-0,9923454924507599;0,019057096106394573;-0,24045204787681063;-0,07714008496750346;-0,41047817725988894;0,5762404659133626;-0,10798504258502795;-0,17973695531881653;0,3757006949239723;9,47234421438201;-17,62099788114262
2026-05-15;2026-05-26;HLGYO.IS;6,0;6,08;-1,4879955867789183;-1,7160087551504681;-0,19415042812840216;False;True;-2,75;-0,04730903817982713;-1,5035236534195657;-1,1048841546723094;-0,24151099324241226;-0,07152295132189472;-0,5227399739806587;-0,1649694185330766;0,45294831379019146;-0,2747351402217461;0,33752360916400387;5,536317241413969;-8,238015622232021
2026-05-18;2026-05-27;HLGYO.IS;5,88;6,08;-2,0324514499068465;-2,3101707395990725;-0,09139875178021684;True;True;2,13;-2,2735840883725627;-1,5152846092862735;-1,4040264004818315;-0,24151099324241226;-0,07152295132189472;-0,5227399739806587;-0,1649694185330766;0,45294831379019146;-0,2747351402217461;0,33752360916400387;5,536317241413969;-11,252296004456094
