Date;Sell Date;Ticker;Buy Price;Sell Price;Confidence Score;Expected P/L (%);Actual P/L (%);Met Expectation;Is Profit;Deviation;Kazanma İhtimali (%);Eğim (Slope);R2;PD/DD (Price to Book);FD/FAVÖK (EV/EBITDA);F/K (Trailing PE);FAVÖK Marjı (EBITDA Margin);ROE;ROA;Ortalama Hacim (Avg Volume)
2025-05-02;2025-05-13;SMRVA.IS;27,43;28,63;14,3766;19,43;4,37;False;True;-15,06;73,99176531137417;0,03930732602191451;0,7970988137070818;3,5661483;10,146;15,373626;0,48591998;0,24433;0,12039;37839511
2025-05-05;2025-05-14;SMRVA.IS;30,04;29,46;16,5947;21,84;-1,96;False;False;-23,8;75,98305860805861;0,04199956507595969;0,8044953819203081;3,5661483;10,146;15,373626;0,48591998;0,24433;0,12039;37839511
2025-05-06;2025-05-15;DERHL.IS;161,6;124,1;14,9692;19,7;-23,21;False;False;-42,9;75,98578680203046;0,043787323717267575;0,910027166473764;1,5125855;7,524;;0,17975001;-0,0013799999;0,08422;8748634
2025-05-07;2025-05-16;DERHL.IS;156,0;136,5;18,2239;23,36;-12,5;False;False;-35,86;78,01327054794521;0,043909885034427;0,9111969755760791;1,5125855;7,524;;0,17975001;-0,0013799999;0,08422;8748634
2025-05-08;2025-05-20;DERHL.IS;147,5;122,9;17,0267;23,65;-16,68;False;False;-40,33;71,99450317124737;0,04361574227579613;0,90647432697014;1,5125855;7,524;;0,17975001;-0,0013799999;0,08422;8748634
2025-05-09;2025-05-21;DERHL.IS;126,7;110,7;14,4014;21,18;-12,63;False;False;-33,81;67,99527856468367;0,04064356940151284;0,8362417894256172;1,5125855;7,524;;0,17975001;-0,0013799999;0,08422;8748634
2025-05-12;2025-05-22;SMRVA.IS;31,81;33,38;18,2904;23,45;4,94;False;True;-18,51;77,99744136460556;0,059159551221535205;0,9679496834217682;3,5661483;10,146;15,373626;0,48591998;0,24433;0,12039;37839511
2025-05-13;2025-05-23;SMRVA.IS;28,63;33,68;15,8622;22,03;17,63;False;True;-4,4;72,00272355878347;0,056095229675095046;0,9282774263295686;3,5661483;10,146;15,373626;0,48591998;0,24433;0,12039;37839511
2025-05-14;2025-05-26;SMRVA.IS;29,46;31,79;15,8622;22,03;7,93;False;True;-14,1;72,00272355878347;0,050670565586466196;0,8800408697387272;3,5661483;10,146;15,373626;0,48591998;0,24433;0,12039;37839511
2025-05-15;2025-05-27;SMRVA.IS;29,46;28,65;17,2962;23,37;-2,73;False;False;-26,11;74,01026957637995;0,045434646794691155;0,8220138224391549;3,5661483;10,146;15,373626;0,48591998;0,24433;0,12039;37839511
2025-05-16;2025-05-28;EDIP.IS;38,08;28,78;14,9703;21,39;-24,42;False;False;-45,81;69,98737727910238;0,04788458796003479;0,9206354327579662;0,3452944;9,247;4,3273597;0,48637;0,08396;0,02885;903581
2025-05-20;2025-05-29;TERA.IS;37,46;37,15;16,4121;22,79;-0,84;False;False;-23,64;72,0144800351031;0,03911979048747471;0,8919732522614693;4,365309;;22,677778;0,0;1,30597;0,42668;10885612
2025-05-21;2025-05-30;TERA.IS;33,73;37,71;9,2028;16,43;11,81;False;True;-4,63;56,01217285453439;0,03425899757687982;0,8364758474526668;4,365309;;22,677778;0,0;1,30597;0,42668;10885612
2025-05-22;2025-06-02;EDIP.IS;34,92;26,26;7,575;12,62;-24,8;False;False;-37,42;60,02377179080825;0,028740463734171856;0,5948121534438555;0,3452944;9,247;4,3273597;0,48637;0,08396;0,02885;903581
2025-05-23;2025-06-03;KUYAS.IS;60,3;55,5;7,9635;14,75;-7,96;False;False;-22,71;53,989830508474576;0,015277616967796212;0,44828126184277645;20,242746;-119,935;81,51686;-0,24275999;-0,68785006;-0,03451;9611421
2025-05-26;2025-06-04;EMKEL.IS;33,3;34,16;4,7061;8,11;2,58;False;True;-5,53;58,02836004932183;0,02867239203633549;0,8727708701421526;3,0202682;39,218;62,235294;0,09319;0,056110002;0,0147;19115415
2025-05-27;2025-06-05;KLRHO.IS;49,74;72,5;10,6733;16,17;45,76;True;True;29,59;66,00680272108842;0,03747699173575581;0,885691538568787;4,71464;40,866;56,88623;0,40243998;0,07745;0,03305;8629511
2025-05-28;2025-06-10;KLRHO.IS;52,3;70,0;9,5026;14,4;33,84;True;True;19,45;65,99027777777778;0,039442222464304476;0,9013062693025363;4,71464;40,866;56,88623;0,40243998;0,07745;0,03305;8629511
2025-05-29;2025-06-11;KLRHO.IS;53,45;65,5;7,5635;12,61;22,54;True;True;9,94;59,98017446471056;0,040645054362371175;0,9104593831931937;4,71464;40,866;56,88623;0,40243998;0,07745;0,03305;8629511
2025-05-30;2025-06-12;ADESE.IS;0,99;1,43;10,4848;15,42;44,44;True;True;29,03;67,99481193255512;0,034082577300944675;0,7123030146201303;0,35545886;38,011;2,722222;0,20349;0,03645;0,00624;280362426
2025-06-02;2025-06-13;KLRHO.IS;57,25;66,3;11,4419;17,34;15,81;False;True;-1,53;65,98558246828144;0,043471780760889825;0,9361139156214365;4,71464;40,866;56,88623;0,40243998;0,07745;0,03305;8629511
2025-06-03;2025-06-16;KLRHO.IS;61,75;66,5;7,5465;12,17;7,69;False;True;-4,48;62,00903861955629;0,045725373891864436;0,9571210442890415;4,71464;40,866;56,88623;0,40243998;0,07745;0,03305;8629511
2025-06-04;2025-06-17;ADESE.IS;1,08;1,61;6,8736;11,85;49,44;True;True;37,59;58,00506329113924;0,04405461058689506;0,8789756969457635;0,35545886;38,011;2,722222;0,20349;0,03645;0,00624;280362426
2025-06-05;2025-06-18;ESEN.IS;9,76;10,26;3,5484;5,54;5,05;False;True;-0,5;64,05054151624549;0,021096044922396754;0,9120474941017822;0,5651327;42,12;;0,30681;-0,02735;0,00532;103432131
2025-06-10;2025-06-19;KLRHO.IS;70,0;66,25;10,9564;16,6;-5,36;False;False;-21,96;66,00240963855421;0,043997366836781994;0,9602723240645842;4,71464;40,866;56,88623;0,40243998;0,07745;0,03305;8629511
2025-06-11;2025-06-20;KLRHO.IS;65,5;69,95;9,5504;15,92;6,79;False;True;-9,12;59,98994974874372;0,03959258198173076;0,9328905083147666;4,71464;40,866;56,88623;0,40243998;0,07745;0,03305;8629511
2025-06-12;2025-06-23;KLRHO.IS;65,25;74,75;9,7105;16,74;14,56;False;True;-2,18;58,00776583034648;0,035484193473062184;0,8943242103016585;4,71464;40,866;56,88623;0,40243998;0,07745;0,03305;8629511
2025-06-13;2025-06-24;ADESE.IS;1,34;1,95;14,3485;20,5;45,96;True;True;25,46;69,99268292682926;0,049077926569110086;0,9341735070183808;0,35545886;38,011;2,722222;0,20349;0,03645;0,00624;280362426
2025-06-16;2025-06-25;GEDIK.IS;5,53;9,26;7,9461;15,28;67,57;True;True;52,29;52,00327225130891;0,014178733415209761;0,4855231982324771;2,6305828;;10,859375;0,0;0,40207002;0,06999;13207929
2025-06-17;2025-06-26;TERA.IS;64,46;64,91;13,9905;19,99;0,7;False;True;-19,29;69,98749374687344;0,04226437842921037;0,9488063550766255;4,365309;;22,677778;0,0;1,30597;0,42668;10885612
2025-06-18;2025-06-27;TERA.IS;64,24;58,44;9,9187;15,03;-9,02;False;False;-24,05;65,99268130405855;0,04402917987408057;0,9710519923949902;4,365309;;22,677778;0,0;1,30597;0,42668;10885612
2025-06-19;2025-06-30;TERA.IS;65,25;60,64;12,3202;18,12;-7,07;False;False;-25,19;67,99227373068433;0,043639226378499485;0,9680943388376048;4,365309;;22,677778;0,0;1,30597;0,42668;10885612
2025-06-20;2025-07-01;TERA.IS;65,93;64,86;12,2424;18,0;-1,62;False;False;-19,62;68,01333333333334;0,04260022844100166;0,9599915028905098;4,365309;;22,677778;0,0;1,30597;0,42668;10885612
2025-06-23;2025-07-02;TERA.IS;69,75;71,27;10,736;15,79;2,18;False;True;-13,61;67,99240025332489;0,04084504169153647;0,9553361344259039;4,365309;;22,677778;0,0;1,30597;0,42668;10885612
2025-06-24;2025-07-03;GEDIK.IS;8,42;7,48;14,1896;19,71;-11,2;False;False;-30,91;71,99188229325215;0,044120872949925026;0,8505311832217393;2,6305828;;10,859375;0,0;0,40207002;0,06999;13207929
2025-06-25;2025-07-04;ADESE.IS;1,86;2,09;15,5828;21,64;12,12;False;True;-9,52;72,00924214417745;0,04107504317457096;0,9500183292385144;0,35545886;38,011;2,722222;0,20349;0,03645;0,00624;280362426
2025-06-26;2025-07-07;ADESE.IS;1,82;2,2;10,4497;16,85;20,88;True;True;4,02;62,01602373887239;0,04056002428551535;0,9423838259888768;0,35545886;38,011;2,722222;0,20349;0,03645;0,00624;280362426
2025-06-27;2025-07-08;ADESE.IS;1,86;2,12;11,4754;17,93;13,73;False;True;-4,2;64,00111544896822;0,03915666183798096;0,9253721690849088;0,35545886;38,011;2,722222;0,20349;0,03645;0,00624;280362426
2025-06-30;2025-07-09;GEDIK.IS;7,97;5,86;10,3999;15,76;-26,48;False;False;-42,24;65,98921319796955;0,057489568328460236;0,9385931816668222;2,6305828;;10,859375;0,0;0,40207002;0,06999;13207929
2025-07-01;2025-07-10;GEDIK.IS;8,76;6,44;11,4611;17,37;-26,48;False;False;-43,84;65,98215313759354;0,0575599362774355;0,9392495329515425;2,6305828;;10,859375;0,0;0,40207002;0,06999;13207929
2025-07-02;2025-07-11;GEDIK.IS;8,3;6,58;11,7175;17,23;-20,74;False;False;-37,97;68,00638421358096;0,05572175169564979;0,9190386526305683;2,6305828;;10,859375;0,0;0,40207002;0,06999;13207929
2025-07-03;2025-07-14;GEDIK.IS;7,48;6,39;11,563;17,52;-14,48;False;False;-32,0;65,99885844748859;0,05112908004671965;0,8562200946739591;2,6305828;;10,859375;0,0;0,40207002;0,06999;13207929
2025-07-04;2025-07-16;GEDIK.IS;7,01;6,11;10,9972;17,74;-12,72;False;False;-30,46;61,99098083427283;0,04454108809066267;0,7544860275319724;2,6305828;;10,859375;0,0;0,40207002;0,06999;13207929
2025-07-07;2025-07-17;GEDIK.IS;6,31;6,31;4,4093;7,87;0,0;False;False;-7,87;56,026683608640404;0,03548191320453207;0,5876825296044342;2,6305828;;10,859375;0,0;0,40207002;0,06999;13207929
2025-07-08;2025-07-18;TRHOL.IS;166,1;184,0;9,5905;15,98;10,78;False;True;-5,21;60,01564455569463;0,022143643979474208;0,46936296993532584;1101,6394;2607,912;550,8197;0,040370002;0,76164;0,0748;174200
2025-07-09;2025-07-21;KGYO.IS;3,48;3,69;5,4772;8,83;6,03;False;True;-2,8;62,02944507361268;0,16119261203811616;0,6841519053982684;9,144737;-13,945;;-0,4816;-0,47702998;-0,0759;19546198
2025-07-10;2025-07-22;KGYO.IS;3,49;3,7;5,1733;8,92;6,02;False;True;-2,9;57,996636771300444;0,1699340877620164;0,7213830811428233;9,144737;-13,945;;-0,4816;-0,47702998;-0,0759;19546198
2025-07-11;2025-07-23;HUBVC.IS;2,17;2,71;5,1061;9,12;24,88;True;True;15,77;55,987938596491226;0,009036640839924325;0,4630853067073081;1,4864864;-66,458;;-1,55756;-0,98475;-0,01361;3704483
2025-07-14;2025-07-24;TRHOL.IS;159,0;145,6;6,9815;13,43;-8,43;False;False;-21,85;51,98436336559941;0,03658880524118302;0,8096525022673884;1101,6394;2607,912;550,8197;0,040370002;0,76164;0,0748;174200
2025-07-16;2025-07-25;TRHOL.IS;174,9;160,1;13,9965;18,91;-8,46;False;False;-27,38;74,01639344262296;0,04135617231796822;0,884556451778594;1101,6394;2607,912;550,8197;0,040370002;0,76164;0,0748;174200
2025-07-17;2025-07-28;TRHOL.IS;181,5;175,3;7,9735;12,86;-3,42;False;False;-16,28;62,002332814930014;0,04312114432563167;0,904186088329947;1101,6394;2607,912;550,8197;0,040370002;0,76164;0,0748;174200
2025-07-18;2025-07-29;MOPAS.IS;56,5;36,14;9,9268;15,04;-36,04;False;False;-51,08;66,0026595744681;0,032790463583133624;0,9493606063370125;2,0875535;8,857;48,181816;0,05863;0,043509997;0,05895;6646909
2025-07-21;2025-07-30;TRHOL.IS;183,0;185,9;8,9143;13,93;1,58;False;True;-12,34;63,9935391241924;0,04249075355840138;0,9020287939622516;1101,6394;2607,912;550,8197;0,040370002;0,76164;0,0748;174200
2025-07-22;2025-07-31;PEKGY.IS;3,22;5,39;10,0212;16,16;67,39;True;True;51,23;62,01237623762377;0,02627514117814125;0,383004252258649;1,1356201;214,841;25,3125;0,03184;;;237862425
2025-07-23;2025-08-01;PEKGY.IS;3,14;4,86;9,7472;15,72;54,78;True;True;39,06;62,00508905852416;0,03569116836271569;0,5923647370544921;1,1356201;214,841;25,3125;0,03184;;;237862425
2025-07-24;2025-08-04;PEKGY.IS;3,45;5,34;11,4853;15,95;54,78;True;True;38,83;72,00815047021945;0,04428948776369487;0,7439617175248953;1,1356201;214,841;25,3125;0,03184;;;237862425
2025-07-25;2025-08-05;PEKGY.IS;3,79;5,75;9,4703;14,8;51,72;True;True;36,92;63,98851351351351;0,05377801673749495;0,8930480870860402;1,1356201;214,841;25,3125;0,03184;;;237862425
2025-07-28;2025-08-06;EMKEL.IS;75,15;75,8;10,5307;16,45;0,86;False;True;-15,59;64,01641337386017;0,02381639060584266;0,5284042707636882;3,0202682;39,218;62,235294;0,09319;0,056110002;0,0147;19115415
2025-07-29;2025-08-07;MANAS.IS;9,85;9,87;7,3756;13,17;0,2;False;True;-12,97;56,00303720577069;0,027966424419557396;0,674151584880727;7,1678796;-116,028;;-0,09227;-0,57369;-0,0353;40554583
2025-07-30;2025-08-08;YYAPI.IS;2,21;2,16;4,5778;6,73;-2,26;False;False;-8,99;68,02080237741455;0,020718600266610352;0,8852582308036314;0,3170971;42,072;1,6440679;4,60997;-0,07946;0,00364;9916236
2025-07-31;2025-08-11;MANAS.IS;9,85;9,39;12,6355;17,55;-4,67;False;False;-22,22;71,997150997151;0,03456851104469161;0,7573624750776541;7,1678796;-116,028;;-0,09227;-0,57369;-0,0353;40554583
2025-08-01;2025-08-12;EMKEL.IS;83,1;75,25;16,1563;21,26;-9,45;False;False;-30,7;75,99388523047978;0,04010642601056031;0,8147845956910005;3,0202682;39,218;62,235294;0,09319;0,056110002;0,0147;19115415
2025-08-04;2025-08-13;EMKEL.IS;80,1;82,75;9,9973;16,66;3,31;False;True;-13,35;60,00780312124849;0,04348914548884182;0,8792946013997553;3,0202682;39,218;62,235294;0,09319;0,056110002;0,0147;19115415
2025-08-05;2025-08-14;MANAS.IS;9,67;8,86;11,9118;17,02;-8,38;False;False;-25,39;69,9870740305523;0,04382427942262931;0,8745718618743558;7,1678796;-116,028;;-0,09227;-0,57369;-0,0353;40554583
2025-08-06;2025-08-15;EMKEL.IS;75,8;88,1;13,0361;18,62;16,23;False;True;-2,4;70,01127819548871;0,04557853804293563;0,9159847247928944;3,0202682;39,218;62,235294;0,09319;0,056110002;0,0147;19115415
2025-08-07;2025-08-18;MANAS.IS;9,87;9,39;11,2347;16,05;-4,86;False;False;-20,91;69,9981308411215;0,043561939769171415;0,8686686651524997;7,1678796;-116,028;;-0,09227;-0,57369;-0,0353;40554583
2025-08-08;2025-08-19;MANAS.IS;9,98;8,9;10,3807;15,73;-10,82;False;False;-26,55;65,99300699300699;0,04268673775625005;0,855549390175416;7,1678796;-116,028;;-0,09227;-0,57369;-0,0353;40554583
2025-08-11;2025-08-20;MANAS.IS;9,39;8,8;5,8186;10,03;-6,28;False;False;-16,32;58,011964107676974;0,039911654312472476;0,8079365865610357;7,1678796;-116,028;;-0,09227;-0,57369;-0,0353;40554583
2025-08-12;2025-08-21;PEKGY.IS;7,05;8,19;6,1465;9,91;16,17;True;True;6,26;62,02320887991927;0,062217309882566234;0,9725019340559697;1,1356201;214,841;25,3125;0,03184;;;237862425
2025-08-13;2025-08-22;PEKGY.IS;7,5;9,0;6,0294;9,42;20,0;True;True;10,58;64,00636942675159;0,05929253968648475;0,9703394218011907;1,1356201;214,841;25,3125;0,03184;;;237862425
2025-08-14;2025-08-25;MANAS.IS;8,86;9,39;8,4914;11,79;5,98;False;True;-5,81;72,02205258693809;0,026117328326264948;0,5574972051806938;7,1678796;-116,028;;-0,09227;-0,57369;-0,0353;40554583
2025-08-15;2025-08-26;PEKGY.IS;8,14;9,56;7,3078;11,07;17,44;True;True;6,37;66,01445347786812;0,053727112477571906;0,9626281718485558;1,1356201;214,841;25,3125;0,03184;;;237862425
2025-08-18;2025-08-27;PEKGY.IS;8,3;8,61;6,7074;10,48;3,73;False;True;-6,75;64,00190839694656;0,051494551388021864;0,9586026662832015;1,1356201;214,841;25,3125;0,03184;;;237862425
2025-08-19;2025-08-28;PEKGY.IS;8,4;7,75;7,2906;11,05;-7,74;False;False;-18,78;65,97828054298643;0,04935747715687476;0,951146374828646;1,1356201;214,841;25,3125;0,03184;;;237862425
2025-08-20;2025-08-29;PEKGY.IS;8,3;6,98;8,2941;12,96;-15,9;False;False;-28,86;63,99768518518518;0,045210195292820776;0,9470856169546864;1,1356201;214,841;25,3125;0,03184;;;237862425
2025-08-21;2025-09-01;ISGSY.IS;84,85;94,75;11,3807;15,81;11,67;False;True;-4,14;71,9841872232764;0,0399093524735444;0,8859117400777229;0,8218418;2,203;;0,84676003;0,56289;0,28277;2147832
2025-08-22;2025-09-02;ISGSY.IS;83,15;87,15;5,0088;9,28;4,81;False;True;-4,46;53,974137931034484;0,043031504735829784;0,9154323999001726;0,8218418;2,203;;0,84676003;0,56289;0,28277;2147832
2025-08-25;2025-09-03;ISGSY.IS;83,3;95,85;6,6864;11,53;15,07;True;True;3,54;57,99132697311362;0,04474899065873286;0,9311339550015079;0,8218418;2,203;;0,84676003;0,56289;0,28277;2147832
2025-08-26;2025-09-04;TRHOL.IS;245,9;255,0;5,691;8,89;3,7;False;True;-5,19;64,01574803149606;0,0246003918738331;0,7209803088275388;1101,6394;2607,912;550,8197;0,040370002;0,76164;0,0748;174200
2025-08-27;2025-09-05;ARSAN.IS;3,2;2,78;3,88;5,71;-13,13;False;False;-18,83;67,95096322241682;0,008414920057559144;0,7311829530093114;0,44392523;;;-1,23395;-0,010989999;-0,01862;25491991
2025-08-28;2025-09-08;TRHOL.IS;247,0;312,75;3,7862;7,01;26,62;True;True;19,61;54,01141226818831;0,02258558159764811;0,6473228194959503;1101,6394;2607,912;550,8197;0,040370002;0,76164;0,0748;174200
2025-08-29;2025-09-09;ISGSY.IS;98,65;89,5;6,6953;10,46;-9,28;False;False;-19,74;64,00860420650095;0,050460010966263576;0,9634030990528798;0,8218418;2,203;;0,84676003;0,56289;0,28277;2147832
2025-09-01;2025-09-10;ISGSY.IS;94,75;86,5;8,2386;12,48;-8,71;False;False;-21,19;66,01442307692308;0,0495063279621473;0,9534883434293244;0,8218418;2,203;;0,84676003;0,56289;0,28277;2147832
2025-09-02;2025-09-11;ISGSY.IS;87,15;81,0;7,936;12,8;-7,06;False;False;-19,86;62,0;0,04646951826527324;0,9112064137093221;0,8218418;2,203;;0,84676003;0,56289;0,28277;2147832
2025-09-03;2025-09-12;ISGSY.IS;95,85;83,6;8,5182;13,74;-12,78;False;False;-26,52;61,995633187772924;0,04305923937914909;0,8845200076202149;0,8218418;2,203;;0,84676003;0,56289;0,28277;2147832
2025-09-04;2025-09-15;ISGSY.IS;98,8;87,55;4,9159;9,45;-11,39;False;False;-20,84;52,02010582010582;0,04037476798726474;0,8588233696901223;0,8218418;2,203;;0,84676003;0,56289;0,28277;2147832
2025-09-05;2025-09-16;TERA.IS;140,85;150,75;3,0329;5,05;7,03;True;True;1,97;60,05742574257427;0,014332477973430081;0,5847850248803251;4,365309;;22,677778;0,0;1,30597;0,42668;10885612
2025-09-08;2025-09-17;DSTKF.IS;801,0;700,0;5,7872;8,77;-12,61;False;False;-21,38;65,98859749144813;0,027783313271276876;0,7756243302616217;71,001396;79,365;196,07843;1,59476;0,44825;0,19318001;907984
2025-09-09;2025-09-18;ISGSY.IS;89,5;85,9;2,5731;5,15;-4,02;False;False;-9,17;49,9631067961165;0,02310434188761926;0,6759255236344832;0,8218418;2,203;;0,84676003;0,56289;0,28277;2147832
2025-09-10;2025-09-19;DSTKF.IS;649,0;693,0;4,8856;8,14;6,78;False;True;-1,36;60,01965601965602;0,026189485581274867;0,699111189851805;71,001396;79,365;196,07843;1,59476;0,44825;0,19318001;907984
2025-09-11;2025-09-22;KOTON.IS;18,85;20,94;2,9959;4,54;11,09;True;True;6,55;65,98898678414096;0,0097546238615447;0,8145590666630337;1,7756667;4,621;7,07767;0,13393;-0,10656;0,086160004;3416817
2025-09-12;2025-09-23;DAPGM.IS;18,0;16,5;4,0331;6,11;-8,33;False;False;-14,44;66,00818330605564;0,010402802211823232;0,855991235899772;2,0653546;4,819;28,599998;0,69161004;0,073699996;0,11228;76463030
2025-09-15;2025-09-24;FZLGY.IS;15,4;16,65;1,6231;3,12;8,12;True;True;5,0;52,02243589743589;0,008330339316050817;0,552471028951034;4,9526143;-28,884;;-0,26398;-0,13387999;-0,03744;32497287
2025-09-16;2025-09-25;POLHO.IS;18,66;19,2;6,585;11,76;2,89;False;True;-8,87;55,994897959183675;0,020907029990682797;0,14972065466716322;5,2045574;93,235;;0,13547;-0,06474;0,0060900003;6903667
2025-09-17;2025-09-26;HEDEF.IS;30,06;49,94;7,2672;11,01;66,13;True;True;55,12;66,00544959128065;0,030928572880021606;0,800543530369628;36,704;135,86;197,75862;0,96105003;0,39909;0,30124;5221813
2025-09-18;2025-09-29;POLHO.IS;18,3;21,04;11,4776;17,39;14,97;False;True;-2,42;66,00115008625647;0,05303298120222376;0,36765171766681826;5,2045574;93,235;;0,13547;-0,06474;0,0060900003;6903667
2025-09-19;2025-09-30;POLHO.IS;17,71;23,14;12,0058;17,66;30,66;True;True;13,01;67,98301245753115;0,0657872832365102;0,45971670991097197;5,2045574;93,235;;0,13547;-0,06474;0,0060900003;6903667
2025-09-22;2025-10-01;IEYHO.IS;24,92;30,96;9,8402;15,38;24,24;True;True;8,86;63,980494148244475;0,023040022002790334;0,5337858294812465;29,317364;-771,194;;-0,04384;-0,32529998;-0,01796;8712501
2025-09-23;2025-10-02;HEDEF.IS;43,96;63,85;13,8036;18,65;45,25;True;True;26,59;74,01394101876676;0,046537352744759335;0,8005924018995599;36,704;135,86;197,75862;0,96105003;0,39909;0,30124;5221813
2025-09-24;2025-10-03;HEDEF.IS;48,34;70,2;12,0523;17,72;45,22;True;True;27,5;68,01523702031604;0,051466712917293975;0,8141258096610038;36,704;135,86;197,75862;0,96105003;0,39909;0,30124;5221813
2025-09-25;2025-10-06;IEYHO.IS;27,94;30,74;12,2496;17,5;10,02;False;True;-7,48;69,99771428571428;0,040777124740338774;0,8231396818057282;29,317364;-771,194;;-0,04384;-0,32529998;-0,01796;8712501
2025-09-26;2025-10-07;ALKA.IS;15,84;12,1;7,6299;12,72;-23,61;False;False;-36,33;59,98349056603773;0,03520439769207571;0,839331478265;3,3863556;47,067;;0,06282;-0,05039;0,02526;7218746
2025-09-29;2025-10-08;HEDEF.IS;48,0;68,5;6,9657;10,55;42,71;True;True;32,15;66,0255924170616;0,06478816700343015;0,9286611088754282;36,704;135,86;197,75862;0,96105003;0,39909;0,30124;5221813
2025-09-30;2025-10-09;HEDEF.IS;52,8;69,0;7,1898;10,57;30,68;True;True;20,11;68,02081362346263;0,06789028389540698;0,9530078798305331;36,704;135,86;197,75862;0,96105003;0,39909;0,30124;5221813
2025-10-01;2025-10-10;HEDEF.IS;58,05;65,0;8,916;12,38;11,97;False;True;-0,41;72,01938610662359;0,07052830278544493;0,9686574749467214;36,704;135,86;197,75862;0,96105003;0,39909;0,30124;5221813
2025-10-02;2025-10-13;HEDEF.IS;63,85;60,25;9,3975;12,7;-5,64;False;False;-18,34;73,996062992126;0,07222095002118595;0,9750177455407371;36,704;135,86;197,75862;0,96105003;0,39909;0,30124;5221813
2025-10-03;2025-10-14;HEDEF.IS;70,2;66,25;8,7141;12,1;-5,63;False;False;-17,73;72,01735537190082;0,07367671529406472;0,9789903184304453;36,704;135,86;197,75862;0,96105003;0,39909;0,30124;5221813
2025-10-06;2025-10-15;HEDEF.IS;63,2;72,75;6,0396;9,74;15,11;True;True;5,37;62,00821355236139;0,07077616051101591;0,9687610629770917;36,704;135,86;197,75862;0,96105003;0,39909;0,30124;5221813
2025-10-07;2025-10-16;HEDEF.IS;66,85;70,0;6,2162;10,03;4,71;False;True;-5,31;61,97607178464606;0,06820176360236234;0,9594075831780747;36,704;135,86;197,75862;0,96105003;0,39909;0,30124;5221813
2025-10-08;2025-10-17;IEYHO.IS;35,56;29,68;8,1387;13,56;-16,54;False;False;-30,1;60,01991150442477;0,04353995305727662;0,9019489985123091;29,317364;-771,194;;-0,04384;-0,32529998;-0,01796;8712501
2025-10-09;2025-10-20;DOFRB.IS;178,7;116,0;11,0185;14,89;-35,09;False;False;-49,98;73,99932840832774;0,06225268675791126;0,961469531073903;12,302153;90,669;105,12821;0,25899;0,19267;0,06078;12498108
2025-10-10;2025-10-21;HEDEF.IS;65,0;88,35;8,3004;13,83;35,92;True;True;22,09;60,017353579175705;0,05298686885423803;0,9176893162592774;36,704;135,86;197,75862;0,96105003;0,39909;0,30124;5221813
2025-10-13;2025-10-22;DOFRB.IS;144,9;98,5;8,302;13,84;-32,02;False;False;-45,86;59,98554913294798;0,04927161560795333;0,876478244129305;12,302153;90,669;105,12821;0,25899;0,19267;0,06078;12498108
2025-10-14;2025-10-23;DOFRB.IS;159,3;92,3;8,0483;12,98;-42,06;False;False;-55,04;62,00539291217256;0,04348517661586675;0,8373726910367607;12,302153;90,669;105,12821;0,25899;0,19267;0,06078;12498108
2025-10-15;2025-10-24;DOFRB.IS;143,4;92,95;4,7572;8,81;-35,18;False;False;-43,99;53,9977298524404;0,036365348248699796;0,746666603659937;12,302153;90,669;105,12821;0,25899;0,19267;0,06078;12498108
2025-10-16;2025-10-27;BINBN.IS;148,0;189,6;7,1858;14,37;28,11;True;True;13,74;50,005567153792626;0,004357274012169151;0,34939163229533093;10,399335;-80,509;;-0,48483002;-0,3154;;609838
2025-10-17;2025-10-28;CVKMD.IS;20,94;20,02;5,1127;7,52;-4,39;False;False;-11,91;67,98803191489363;0,019093469629380598;0,9370441406196705;5,758722;59,102;;0,33341;-0,01159;0,01974;26882940
2025-10-20;2025-10-30;MOPAS.IS;35,58;36,9;5,339;8,9;3,71;False;True;-5,19;59,98876404494382;0,0037174013744198536;0,1855439340773533;2,0875535;8,857;48,181816;0,05863;0,043509997;0,05895;6646909
2025-10-21;2025-10-31;HDFGS.IS;5,08;6,03;9,794;13,99;18,7;True;True;4,71;70,0071479628306;0,03418878155467172;0,776755889902016;0,8024133;2,692;3,6438355;0,93891996;0,19738;0,21981001;98394518
2025-10-22;2025-11-03;HDFGS.IS;5,12;5,74;12,7359;17,21;12,11;False;True;-5,1;74,00290528762348;0,03845775237973181;0,8420599403397367;0,8024133;2,692;3,6438355;0,93891996;0,19738;0,21981001;98394518
2025-10-23;2025-11-04;TRHOL.IS;418,0;458,0;12,1357;16,4;9,57;False;True;-6,83;73,99817073170732;0,0382349565389488;0,8521096453305192;1101,6394;2607,912;550,8197;0,040370002;0,76164;0,0748;174200
2025-10-24;2025-11-05;HDFGS.IS;4,8;4,83;8,4311;13,6;0,62;False;True;-12,97;61,99338235294118;0,041518679507848114;0,8974040546478427;0,8024133;2,692;3,6438355;0,93891996;0,19738;0,21981001;98394518
2025-10-27;2025-11-06;UFUK.IS;1601,0;1862,0;9,2136;15,36;16,3;True;True;0,95;59,984375;0,02001656915942442;0,4308877327863207;22,76967;-2977,531;116,29564;0,0;0,24258;-0,00546;31796
2025-10-28;2025-11-07;UFUK.IS;1700,0;1825,0;10,0714;14,81;7,35;False;True;-7,46;68,00405131667793;0,02735544729062963;0,5798718716265876;22,76967;-2977,531;116,29564;0,0;0,24258;-0,00546;31796
2025-10-30;2025-11-10;UFUK.IS;1870,0;1890,0;14,6568;19,29;1,07;False;True;-18,22;75,98133748055989;0,04005071535705809;0,79514209128885;22,76967;-2977,531;116,29564;0,0;0,24258;-0,00546;31796
2025-10-31;2025-11-11;UFUK.IS;1973,0;1856,0;17,7917;22,24;-5,93;False;False;-28,17;79,99865107913669;0,04550445682395897;0,8556625930349065;22,76967;-2977,531;116,29564;0,0;0,24258;-0,00546;31796
2025-11-03;2025-11-12;UFUK.IS;2170,0;1765,0;13,3266;19,04;-18,66;False;False;-37,7;69,99264705882354;0,05080060058944268;0,8976392700836253;22,76967;-2977,531;116,29564;0,0;0,24258;-0,00546;31796
2025-11-04;2025-11-13;HDFGS.IS;5,36;3,73;6,509;10,85;-30,41;False;False;-41,26;59,99078341013825;0,032366894043212746;0,8619998495349269;0,8024133;2,692;3,6438355;0,93891996;0,19738;0,21981001;98394518
2025-11-05;2025-11-14;UFUK.IS;1861,0;1606,0;8,4099;12,37;-13,7;False;False;-26,07;67,98625707356508;0,054919242671112034;0,9436647062725609;22,76967;-2977,531;116,29564;0,0;0,24258;-0,00546;31796
2025-11-06;2025-11-17;UFUK.IS;1862,0;1766,0;8,603;13,03;-5,16;False;False;-18,19;66,02455871066769;0,054205552412613746;0,9343853480925022;22,76967;-2977,531;116,29564;0,0;0,24258;-0,00546;31796
2025-11-07;2025-11-18;CEMZY.IS;8,47;6,15;6,3503;9,34;-27,36;False;False;-36,7;67,99036402569592;0,02428405187193224;0,7666903524661057;7,2140923;50,374;;0,20957;-0,03338;0,059699997;28044895
2025-11-10;2025-11-19;UFUK.IS;1890,0;1939,0;7,2507;12,08;2,59;False;True;-9,49;60,02235099337748;0,04762098990487688;0,8627887180298685;22,76967;-2977,531;116,29564;0,0;0,24258;-0,00546;31796
2025-11-11;2025-11-20;UFUK.IS;1856,0;1825,0;7,9013;12,74;-1,67;False;False;-14,41;62,01962323390895;0,04374731023894046;0,8119139556548837;22,76967;-2977,531;116,29564;0,0;0,24258;-0,00546;31796
2025-11-12;2025-11-21;MANAS.IS;11,8;9,31;8,1159;12,68;-21,1;False;False;-33,78;64,00552050473186;0,02449892294042822;0,7020998509774078;7,1678796;-116,028;;-0,09227;-0,57369;-0,0353;40554583
2025-11-13;2025-11-24;MANAS.IS;12,98;9,61;11,44;15,89;-25,96;False;False;-41,85;71,99496538703588;0,030302931468708525;0,7387344160380822;7,1678796;-116,028;;-0,09227;-0,57369;-0,0353;40554583
2025-11-14;2025-11-25;MANAS.IS;11,69;9,32;5,8475;9,75;-20,27;False;False;-30,02;59,97435897435898;0,03309920832319693;0,7771325155502697;7,1678796;-116,028;;-0,09227;-0,57369;-0,0353;40554583
2025-11-17;2025-11-26;SEKFK.IS;8,54;8,3;5,7782;9,03;-2,81;False;False;-11,84;63,988925802879294;0,0017140705816971029;0,07687253856443041;0,9889031;;4,6192656;0,0;0,24596001;0,04995;630630
2025-11-18;2025-11-27;TCKRC.IS;48,0;50,3;4,5312;8,09;4,79;False;True;-3,3;56,00988875154512;0,0022598146971941424;0,1091553511149583;4,6988273;17,072;17,670385;0,4292;0,28474;0,13649;4488511
2025-11-19;2025-11-28;SEGYO.IS;6,05;5,63;4,5775;6,36;-6,94;False;False;-13,3;71,97327044025157;0,012011673068371278;0,6274925916604159;0,582917;-2,774;;0,0;-0,22171;-0,12591;14185889
2025-11-20;2025-12-01;KGYO.IS;6,2;4,6;5,9882;9,36;-25,81;False;False;-35,16;63,97649572649573;0,0013547162571080833;0,056004700386869326;9,144737;-13,945;;-0,4816;-0,47702998;-0,0759;19546198
2025-11-21;2025-12-02;DENGE.IS;3,72;3,2;4,4125;6,13;-13,98;False;False;-20,11;71,98205546492659;0,012144048774075086;0,6377943139599364;0,8537075;-31,043;;-0,082329996;-0,22153999;-0,029760001;17796238
2025-11-24;2025-12-03;MANAS.IS;9,61;9,56;6,5218;9,88;-0,52;False;False;-10,4;66,01012145748987;0,0261376893896062;0,5722053943730546;7,1678796;-116,028;;-0,09227;-0,57369;-0,0353;40554583
2025-11-25;2025-12-04;MANAS.IS;9,32;9,19;5,376;8,4;-1,39;False;False;-9,79;64,0;0,022057462543672777;0,4587817716103226;7,1678796;-116,028;;-0,09227;-0,57369;-0,0353;40554583
2025-11-26;2025-12-05;GUNDG.IS;155,05;186,8;8,0661;13,91;20,47;True;True;6,57;57,98777857656363;0,018761391842687627;0,462738317234146;61,514038;-410,272;;-0,0704;-0,10599;-0,087869994;672056
2025-11-27;2025-12-08;GUNDG.IS;170,55;192,6;7,7314;12,47;12,93;True;True;0,46;62,0;0,025824059351262373;0,585866723759646;61,514038;-410,272;;-0,0704;-0,10599;-0,087869994;672056
2025-11-28;2025-12-09;GUNDG.IS;170,0;178,8;11,6704;16,21;5,18;False;True;-11,03;71,99506477483035;0,03105099660044603;0,6655402700847098;61,514038;-410,272;;-0,0704;-0,10599;-0,087869994;672056
2025-12-01;2025-12-10;GUNDG.IS;172,8;196,6;9,6256;13,75;13,77;True;True;0,02;70,00436363636365;0,035967505059085844;0,7444128472525433;61,514038;-410,272;;-0,0704;-0,10599;-0,087869994;672056
2025-12-02;2025-12-11;GUNDG.IS;180,0;216,2;11,1723;15,1;20,11;True;True;5,01;73,9887417218543;0,0407464650227397;0,8164900572445617;61,514038;-410,272;;-0,0704;-0,10599;-0,087869994;672056
2025-12-03;2025-12-12;GUNDG.IS;191,5;232,1;4,2328;7,84;21,2;True;True;13,36;53,98979591836734;0,045439260928591865;0,8771237005462911;61,514038;-410,272;;-0,0704;-0,10599;-0,087869994;672056
2025-12-04;2025-12-15;YAYLA.IS;31,4;30,94;6,2668;9,79;-1,46;False;False;-11,26;64,01225740551584;0,0034774872303005807;0,15755996343117185;1,5176152;148,134;;0,0828;-0,0537;0,00116;2502894
2025-12-05;2025-12-16;GUNDG.IS;186,8;229,9;5,2987;8,55;23,07;True;True;14,53;61,97309941520468;0,051501221379888676;0,9419482654127815;61,514038;-410,272;;-0,0704;-0,10599;-0,087869994;672056
2025-12-08;2025-12-17;GUNDG.IS;192,6;218,5;6,8353;10,05;13,45;True;True;3,4;68,01293532338309;0,052190510814626966;0,9500778218274305;61,514038;-410,272;;-0,0704;-0,10599;-0,087869994;672056
2025-12-09;2025-12-18;GUNDG.IS;178,8;196,7;5,8394;10,07;10,01;False;True;-0,06;57,98808341608739;0,050354137803792;0,9252611770208762;61,514038;-410,272;;-0,0704;-0,10599;-0,087869994;672056
2025-12-10;2025-12-19;GUNDG.IS;196,6;196,9;4,9949;8,32;0,15;False;True;-8,17;60,03485576923077;0,048345256623606815;0,9071423941781953;61,514038;-410,272;;-0,0704;-0,10599;-0,087869994;672056
2025-12-11;2025-12-22;GUNDG.IS;216,2;181,4;4,7776;7,71;-16,1;False;False;-23,8;61,966277561608294;0,046349163102744555;0,8976258229562789;61,514038;-410,272;;-0,0704;-0,10599;-0,087869994;672056
2025-12-12;2025-12-23;MANAS.IS;16,25;14,05;7,1564;12,78;-13,54;False;False;-26,32;55,99687010954617;0,018105007622731286;0,3710835278329156;7,1678796;-116,028;;-0,09227;-0,57369;-0,0353;40554583
2025-12-15;2025-12-24;MANAS.IS;17,87;15,45;10,8555;15,51;-13,54;False;False;-29,05;69,99032882011605;0,02611258050589073;0,5217627925384261;7,1678796;-116,028;;-0,09227;-0,57369;-0,0353;40554583
2025-12-16;2025-12-25;GUNDG.IS;229,9;230,7;4,7782;8,53;0,35;False;True;-8,18;56,01641266119578;0,03970380068300908;0,883970248213692;61,514038;-410,272;;-0,0704;-0,10599;-0,087869994;672056
2025-12-17;2025-12-26;VERUS.IS;237,0;315,25;3,2047;5,72;33,02;True;True;27,29;56,02622377622377;0,023304933621403692;0,6122645912868386;8,971158;-122,393;;-0,46359003;-0,08916;-0,03897;113214
2025-12-18;2025-12-29;CVKMD.IS;23,62;25,4;4,5536;6,7;7,54;True;True;0,84;67,96417910447762;0,0190907990302048;0,9432630068424285;5,758722;59,102;;0,33341;-0,01159;0,01974;26882940
2025-12-19;2025-12-30;KUYAS.IS;55,3;52,4;3,8381;6,62;-5,24;False;False;-11,86;57,977341389728096;0,018744435133662488;0,6673769749013253;20,242746;-119,935;81,51686;-0,24275999;-0,68785006;-0,03451;9611421
2025-12-22;2025-12-31;CVKMD.IS;25,3;26,46;6,1792;8,35;4,58;False;True;-3,77;74,00239520958084;0,0209319679923689;0,9618679828876904;5,758722;59,102;;0,33341;-0,01159;0,01974;26882940
2025-12-23;2026-01-02;ALKLC.IS;217,4;212,9;7,7235;11,7;-2,07;False;False;-13,77;66,01282051282051;0,04103044487889193;0,9566763258053627;13,726277;40,506;;0,18437;-0,07513;0,09189;1744664
2025-12-24;2026-01-05;ADESE.IS;1,68;1,52;6,8401;10,06;-9,52;False;False;-19,58;67,99304174950298;0,003907485192276956;0,16526602345922758;0,35545886;38,011;2,722222;0,20349;0,03645;0,00624;280362426
2025-12-25;2026-01-06;RYGYO.IS;20,8;23,16;4,604;7,94;11,35;True;True;3,41;57,984886649874056;0,0016133967376145005;0,11130207982239201;0,7459153;18,955;4,022528;0,90541;0,20785;0,02477;2931023
2025-12-26;2026-01-07;AKENR.IS;11,9;11,16;4,4824;7,73;-6,22;False;False;-13,95;57,98706338939198;0,004571427676406406;0,32733039251062285;0,652871;44,279;;0,03575;-0,34507;-0,02014;19802459
2025-12-29;2026-01-08;AKENR.IS;11,57;11,36;8,5668;15,3;-1,82;False;False;-17,11;55,992156862745105;0,004673944935498971;0,3406904380648205;0,652871;44,279;;0,03575;-0,34507;-0,02014;19802459
2025-12-30;2026-01-09;ALKIM.IS;17,63;19,62;7,692;14,24;11,29;False;True;-2,96;54,016853932584276;0,00477741978779342;0,33801697039302536;114,496635;2419,566;;0,04246;-0,11055;-0,00496;2945603
2025-12-31;2026-01-12;MANAS.IS;15,95;18,93;3,8704;7,17;18,68;True;True;11,52;53,980474198047425;0,019455630887389958;0,4340052933103723;7,1678796;-116,028;;-0,09227;-0,57369;-0,0353;40554583
2026-01-02;2026-01-13;DSTKF.IS;560,0;660,0;6,1577;9,93;17,86;True;True;7,93;62,0110775427996;0,003729361892954713;0,26214950170536827;71,001396;79,365;196,07843;1,59476;0,44825;0,19318001;907984
2026-01-05;2026-01-14;ALKLC.IS;215,9;214,0;3,2538;6,26;-0,88;False;False;-7,14;51,97763578274761;0,021818368622349444;0,7215995946725404;13,726277;40,506;;0,18437;-0,07513;0,09189;1744664
2026-01-06;2026-01-15;UNLU.IS;15,44;15,21;4,4474;7,94;-1,49;False;False;-9,43;56,01259445843828;0,0018745033019878523;0,10855113927702818;0,7487894;;;0,0;-0,08208;-0,041550003;2002000
2026-01-07;2026-01-16;AGESA.IS;205,81;210,36;5,031;8,38;2,21;False;True;-6,17;60,03579952267302;0,0019023784891213378;0,09144529538823691;4,289684;3,248;7,2540383;0,16519;0,77226996;0,01203;264434
2026-01-08;2026-01-19;BALSU.IS;16,7;16,38;4,4889;7,74;-1,92;False;False;-9,66;57,99612403100775;0,0029152292412976733;0,13031373266083285;2,9525483;66,671;;0,02563;-0,2775;0,009980001;8718630
2026-01-09;2026-01-20;EDATA.IS;9,21;8,92;6,2459;10,41;-3,15;False;False;-13,56;59,99903938520653;0,02707042935572214;0,7984433251899462;6,9394217;139,426;;0,01761;-0,08604;0,014520001;9559050
2026-01-12;2026-01-21;COSMO.IS;292,25;277,0;4,9126;7,22;-5,22;False;False;-12,44;68,0415512465374;0,022644733402783293;0,7854106511614016;7,171664;35,523;26,819674;0,051170003;-0,056700002;0,03806;71972
2026-01-13;2026-01-22;BAYRK.IS;5,36;5,01;3,8466;7,12;-6,53;False;False;-13,65;54,0252808988764;0,004395037558412211;0,3496625750326864;6,3089623;-24,045;;-0,27019;-0,90307;-0,11432999;18515190
2026-01-14;2026-01-23;SEGMN.IS;23,94;33,5;4,1049;7,08;39,93;True;True;32,86;57,97881355932203;0,006072202747547868;0,3017082888098031;1,9267824;30,098;33,75;0,105979994;0,05131;0,030469999;4220989
2026-01-15;2026-01-26;SEGYO.IS;5,01;4,43;4,7466;8,18;-11,58;False;False;-19,76;58,02689486552567;0,002945836893082003;0,20004934446831435;0,582917;-2,774;;0,0;-0,22171;-0,12591;14185889
2026-01-16;2026-01-27;SEGMN.IS;28,94;32,76;5,6228;10,81;13,2;True;True;2,39;52,014801110083255;0,015931197931353298;0,52088942116926;1,9267824;30,098;33,75;0,105979994;0,05131;0,030469999;4220989
2026-01-19;2026-01-28;SEGMN.IS;31,82;33,02;8,3837;13,1;3,77;False;True;-9,33;63,99770992366412;0,02198829726664597;0,6065991181376557;1,9267824;30,098;33,75;0,105979994;0,05131;0,030469999;4220989
2026-01-20;2026-01-29;SEGMN.IS;35,0;36,32;5,4619;9,42;3,77;False;True;-5,65;57,98195329087049;0,028344721145190956;0,672624782575562;1,9267824;30,098;33,75;0,105979994;0,05131;0,030469999;4220989
2026-01-21;2026-01-30;SEGMN.IS;34,5;35,0;8,5712;12,6;1,45;False;True;-11,16;68,02539682539683;0,033110845948444365;0,7313683034847546;1,9267824;30,098;33,75;0,105979994;0,05131;0,030469999;4220989
2026-01-22;2026-02-02;SEGMN.IS;35,4;38,5;13,2031;16,93;8,76;False;True;-8,17;77,98641464855287;0,037736970095736476;0,7941307436562518;1,9267824;30,098;33,75;0,105979994;0,05131;0,030469999;4220989
2026-01-23;2026-02-03;ADEL.IS;34,16;34,02;6,3333;9,9;-0,41;False;False;-10,31;63,97272727272727;0,0025614063531065765;0,10118815027415934;6,5786314;98,048;;0,04052;-0,20416;0,0016500001;8598817
2026-01-26;2026-02-04;SEGMN.IS;30,68;46,56;7,9248;12,01;51,76;True;True;39,75;65,98501248959201;0,04107792853412785;0,850306462077898;1,9267824;30,098;33,75;0,105979994;0,05131;0,030469999;4220989
2026-01-27;2026-02-05;SEGMN.IS;32,76;51,2;7,4791;11,69;56,29;True;True;44,6;63,978614200171094;0,04188821526598274;0,8642273263310223;1,9267824;30,098;33,75;0,105979994;0,05131;0,030469999;4220989
2026-01-28;2026-02-06;SEGMN.IS;33,02;46,08;7,4346;11,26;39,55;True;True;28,29;66,0266429840142;0,04179043733056323;0,8626244483106241;1,9267824;30,098;33,75;0,105979994;0,05131;0,030469999;4220989
2026-01-29;2026-02-09;ALTNY.IS;16,9;15,93;6,7993;10,97;-5,74;False;False;-16,71;61,980856882406556;0,005193975482258991;0,3521465193227603;3,455214;35,521;532,3334;0,18059;-0,01761;0,020750001;29816542
2026-01-30;2026-02-10;SEGMN.IS;35,0;46,2;7,6373;11,23;32,0;True;True;20,77;68,0080142475512;0,041179381315457855;0,8530709866926649;1,9267824;30,098;33,75;0,105979994;0,05131;0,030469999;4220989
2026-02-02;2026-02-11;A1YEN.IS;2,84;2,86;5,3142;8,86;0,71;False;True;-8,15;59,97968397291197;0,0029727127326411315;0,16678196901926387;0,62833977;7,568;21,312502;0,65322995;0,03234;0,028469998;54717534
2026-02-03;2026-02-12;SEGMN.IS;42,34;48,98;5,0956;9,1;15,68;True;True;6,58;55,9956043956044;0,04048356707685391;0,8465230512098134;1,9267824;30,098;33,75;0,105979994;0,05131;0,030469999;4220989
2026-02-04;2026-02-13;SEGMN.IS;46,56;47,84;14,1177;18,1;2,75;False;True;-15,35;77,99834254143644;0,04010028116844385;0,8461488706617903;1,9267824;30,098;33,75;0,105979994;0,05131;0,030469999;4220989
2026-02-05;2026-02-16;SEGMN.IS;51,2;48,5;13,7235;17,59;-5,27;False;False;-22,87;78,0187606594656;0,040307406485006865;0,8458320209385756;1,9267824;30,098;33,75;0,105979994;0,05131;0,030469999;4220989
2026-02-06;2026-02-17;ALVES.IS;3,95;3,85;5,0324;8,12;-2,53;False;False;-10,65;61,975369458128085;0,025635467218800938;0,7992992630242672;1,5842168;3,552;44,833336;0,21469;0,03786;0,18257;157212879
2026-02-09;2026-02-18;CVKMD.IS;43,32;38,72;5,1086;7,74;-10,62;False;False;-18,36;66,00258397932816;0,025694479887673455;0,8433105316906282;5,758722;59,102;;0,33341;-0,01159;0,01974;26882940
2026-02-10;2026-02-19;LMKDC.IS;31,4;30,0;5,3052;8,84;-4,46;False;False;-13,3;60,01357466063348;0,0026785447283725803;0,14925627017030393;1,9828292;3,947;9,831081;0,38169;0,25287;0,20523001;7196733
2026-02-11;2026-02-20;PAPIL.IS;18,23;19,27;4,8525;8,09;5,7;False;True;-2,38;59,98145859085291;0,0019930021638865036;0,11097410818452406;6,0799;-46,842;1461,0;-0,64359003;0,00627;-0,06809;14258220
2026-02-12;2026-02-23;ZERGY.IS;18,78;16,83;6,6932;10,8;-10,38;False;False;-21,18;61,97407407407407;0,04143416190960466;0,9370931548373503;3,761349;177,361;;0,18518999;;;18305150
2026-02-13;2026-02-24;ZERGY.IS;18,6;17,12;5,0733;8,46;-7,96;False;False;-16,41;59,96808510638297;0,03788357508751954;0,8879421367039966;3,761349;177,361;;0,18518999;;;18305150
2026-02-16;2026-02-25;ZGYO.IS;33,1;27,62;6,2695;9,5;-16,56;False;False;-26,06;65,99473684210525;0,049315497353127555;0,9311746152876638;2,7468042;9902,691;;0,06146;0,05752;-0,0013600001;18140414
2026-02-17;2026-02-26;ZGYO.IS;32,92;24,86;4,3267;7,73;-24,48;False;False;-32,21;55,972833117723155;0,04611814865033982;0,9189573439634379;2,7468042;9902,691;;0,06146;0,05752;-0,0013600001;18140414
2026-02-18;2026-02-27;AKFYE.IS;19,8;17,85;8,3943;14,99;-9,85;False;False;-24,84;55,99933288859239;0,0049317574035823535;0,3344823521121105;0,5046324;13,273;23,31579;0,53638;0,025929999;0,01206;10043127
2026-02-19;2026-03-02;ZGYO.IS;33,0;22,1;7,5115;11,38;-33,03;False;False;-44,41;66,00615114235501;0,0393281202478799;0,8939257004603676;2,7468042;9902,691;;0,06146;0,05752;-0,0013600001;18140414
2026-02-20;2026-03-03;SAHOL.IS;103,64;90,55;5,3826;8,41;-12,63;False;False;-21,04;64,00237812128418;0,002066753182169711;0,12064383174427963;0,49362326;;23,552973;0,0;0,024249999;0,0035899999;34007204
2026-02-23;2026-03-04;DSTKF.IS;1402,0;1610,0;6,2434;10,07;14,84;True;True;4,77;62,0;0,028118367210060974;0,8660550928385833;71,001396;79,365;196,07843;1,59476;0,44825;0,19318001;907984
2026-02-24;2026-03-05;ZGYO.IS;30,68;22,02;8,1831;10,77;-28,23;False;False;-38,99;75,98050139275766;0,02654155749821674;0,6478165241838277;2,7468042;9902,691;;0,06146;0,05752;-0,0013600001;18140414
2026-02-25;2026-03-06;GUNDG.IS;425,75;662,0;7,0107;11,31;55,49;True;True;44,18;61,9867374005305;0,03598192518306128;0,9189959673080473;61,514038;-410,272;;-0,0704;-0,10599;-0,087869994;672056
2026-02-26;2026-03-09;GUNDG.IS;468,25;651,0;10,2964;14,71;39,03;True;True;24,32;69,99592114208022;0,03946450107897205;0,9315519980894449;61,514038;-410,272;;-0,0704;-0,10599;-0,087869994;672056
2026-02-27;2026-03-10;GUNDG.IS;484,0;670,5;6,9437;10,85;38,53;True;True;27,68;63,997235023041476;0,04217575891801233;0,9424027647812215;61,514038;-410,272;;-0,0704;-0,10599;-0,087869994;672056
2026-03-02;2026-03-11;GUNDG.IS;532,0;669,5;7,4843;12,07;25,85;True;True;13,77;62,00745650372825;0,045164286982078486;0,9482516617805775;61,514038;-410,272;;-0,0704;-0,10599;-0,087869994;672056
2026-03-03;2026-03-12;MANAS.IS;21,74;18,7;8,043;11,83;-13,98;False;False;-25,81;67,98816568047337;0,032189294840447295;0,7044179063747953;7,1678796;-116,028;;-0,09227;-0,57369;-0,0353;40554583
2026-03-04;2026-03-13;MANAS.IS;23,62;19,85;10,9832;15,25;-15,96;False;False;-31,22;72,02098360655738;0,03697020048189017;0,7272238919070225;7,1678796;-116,028;;-0,09227;-0,57369;-0,0353;40554583
2026-03-05;2026-03-16;MANAS.IS;21,26;21,82;10,5937;15,58;2,63;False;True;-12,94;67,99550706033376;0,039273437641151994;0,7533092585917752;7,1678796;-116,028;;-0,09227;-0,57369;-0,0353;40554583
2026-03-06;2026-03-17;MANAS.IS;19,14;24,0;7,3468;11,48;25,39;True;True;13,91;63,99651567944251;0,03913223341179964;0,7510865911013486;7,1678796;-116,028;;-0,09227;-0,57369;-0,0353;40554583
2026-03-09;2026-03-18;GUNDG.IS;651,0;719,0;6,1305;9,29;10,45;True;True;1,16;65,99031216361679;0,05705799573822271;0,983711533425177;61,514038;-410,272;;-0,0704;-0,10599;-0,087869994;672056
2026-03-10;2026-03-19;GUNDG.IS;670,5;647,5;6,4902;9,83;-3,43;False;False;-13,26;66,02441505595117;0,05612081352462668;0,97983514265381;61,514038;-410,272;;-0,0704;-0,10599;-0,087869994;672056
2026-03-11;2026-03-23;GUNDG.IS;669,5;712,0;5,258;7,73;6,35;False;True;-1,38;68,02069857697283;0,055129097326079;0,9731112717784184;61,514038;-410,272;;-0,0704;-0,10599;-0,087869994;672056
2026-03-12;2026-03-24;GUNDG.IS;667,5;735,5;6,8165;10,65;10,19;False;True;-0,46;64,00469483568074;0,05259354337081174;0,9574661910676237;61,514038;-410,272;;-0,0704;-0,10599;-0,087869994;672056
2026-03-13;2026-03-25;INVES.IS;419,0;439,0;8,4191;13,15;4,77;False;True;-8,38;64,0235741444867;0,031210959875163535;0,8179923629236079;4,485521;24,818;34,363346;3,6098099;0,15581;0,11577;202034
2026-03-16;2026-03-26;ALKLC.IS;271,5;306,0;6,1323;9,58;12,71;True;True;3,13;64,01148225469728;0,0027727347308888753;0,13152822706552594;13,726277;40,506;;0,18437;-0,07513;0,09189;1744664
2026-03-17;2026-03-27;INVES.IS;419,0;447,0;5,3803;8,68;6,68;False;True;-2,0;61,98502304147466;0,03713661267686317;0,909778246143885;4,485521;24,818;34,363346;3,6098099;0,15581;0,11577;202034
2026-03-18;2026-03-30;GUNDG.IS;719,0;850,0;5,8957;9,51;18,22;True;True;8,71;61,99474237644584;0,039661751663228835;0,8859750848434567;61,514038;-410,272;;-0,0704;-0,10599;-0,087869994;672056
2026-03-19;2026-03-31;INVES.IS;424,5;455,0;6,4415;9,76;7,18;False;True;-2,57;65,99897540983606;0,03885525520065458;0,9386343506049468;4,485521;24,818;34,363346;3,6098099;0,15581;0,11577;202034
2026-03-23;2026-04-01;INVES.IS;427,5;472,75;7,3164;10,76;10,58;False;True;-0,17;67,99628252788104;0,037800546239116634;0,9247815774513384;4,485521;24,818;34,363346;3,6098099;0,15581;0,11577;202034
2026-03-24;2026-04-02;INVES.IS;435,75;490,0;6,2281;9,73;12,45;True;True;2,72;64,0092497430627;0,03619690154760304;0,9069499003617911;4,485521;24,818;34,363346;3,6098099;0,15581;0,11577;202034
2026-03-25;2026-04-03;INVES.IS;439,0;500,0;3,7166;5,99;13,9;True;True;7,9;62,04674457429048;0,03360066282104991;0,8837679169677459;4,485521;24,818;34,363346;3,6098099;0,15581;0,11577;202034
2026-03-26;2026-04-06;SMRVA.IS;11,58;11,69;4,6627;8,33;0,93;False;True;-7,39;55,97478991596638;0,004877367719542044;0,45662515504592;3,5661483;10,146;15,373626;0,48591998;0,24433;0,12039;37839511
2026-03-27;2026-04-07;ASELS.IS;330,75;342,0;4,9441;8,24;3,4;False;True;-4,84;60,00121359223301;0,0017306717569374455;0,12108882697741305;6,1122017;35,801;52,692307;0,26308;0,14837;0,070989996;25390253
2026-03-30;2026-04-08;MARKA.IS;52,05;60,5;7,1009;11,1;16,23;True;True;5,14;63,97207207207207;0,028598760522008545;0,5213221904424954;8,161756;-46,868;;-0,2854;0,28598;-0,0635;3381123
2026-03-31;2026-04-09;MARKA.IS;57,25;61,8;8,3569;13,06;7,95;False;True;-5,11;63,988514548238896;0,035794555578978544;0,6484555977112079;8,161756;-46,868;;-0,2854;0,28598;-0,0635;3381123
2026-04-01;2026-04-10;MARKA.IS;58,5;59,4;13,8112;17,71;1,54;False;True;-16,17;77,98531902879728;0,04228247494800352;0,7563854772104596;8,161756;-46,868;;-0,2854;0,28598;-0,0635;3381123
2026-04-02;2026-04-13;VERUS.IS;468,5;505,0;6,6214;9,2;7,79;False;True;-1,41;71,9717391304348;0,01810158744356049;0,9598947569733081;8,971158;-122,393;;-0,46359003;-0,08916;-0,03897;113214
2026-04-03;2026-04-14;UCAYM.IS;26,86;29,12;5,299;8,55;8,41;False;True;-0,13;61,97660818713451;0,0028468870737149124;0,13716163615457178;2,086051;15,524;135,03703;0,1423;0,09182999;0,11176;18969452
2026-04-06;2026-04-15;MARKA.IS;50,0;55,6;6,3012;10,16;11,2;True;True;1,04;62,019685039370074;0,05129571439071375;0,9123815518836852;8,161756;-46,868;;-0,2854;0,28598;-0,0635;3381123
2026-04-07;2026-04-16;MARKA.IS;55,0;54,1;9,3524;13,36;-1,64;False;False;-15,0;70,00299401197606;0,050679442810043454;0,9044274100168612;8,161756;-46,868;;-0,2854;0,28598;-0,0635;3381123
2026-04-08;2026-04-17;ARMGD.IS;140,9;147,5;11,8549;15,6;4,68;False;True;-10,91;75,99294871794872;0,03022868125858109;0,8158709825155456;4,6239986;24,262;47,77778;0,13104999;0,1719;0,0665;1376729
2026-04-09;2026-04-20;ARMGD.IS;147,2;145,2;5,9952;9,37;-1,36;False;False;-10,73;63,982924226254;0,03453369737786529;0,8519643515886334;4,6239986;24,262;47,77778;0,13104999;0,1719;0,0665;1376729
2026-04-10;2026-04-21;ARMGD.IS;147,6;139,6;12,5122;16,46;-5,42;False;False;-21,88;76,01579586877277;0,03764119860287047;0,8812943868338394;4,6239986;24,262;47,77778;0,13104999;0,1719;0,0665;1376729
2026-04-13;2026-04-22;ARMGD.IS;149,1;145,0;5,3721;9,26;-2,75;False;False;-12,01;58,01403887688985;0,03918234010559558;0,8929799549657322;4,6239986;24,262;47,77778;0,13104999;0,1719;0,0665;1376729
2026-04-14;2026-04-23;ANELE.IS;26,18;46,3;9,504;13,58;76,85;True;True;63,28;69,98527245949926;0,030079969168992627;0,8463654775133053;11,437728;-19,999;;-0,23031999;-0,43987;-0,07403;5192886
2026-04-15;2026-04-24;SMRVA.IS;19,63;17,36;8,5423;13,78;-11,57;False;False;-25,35;61,99056603773585;0,020051713947351734;0,5131918405200762;3,5661483;10,146;15,373626;0,48591998;0,24433;0,12039;37839511
2026-04-16;2026-04-27;ANELE.IS;31,64;54,0;13,0074;17,11;70,67;True;True;53,56;76,02220923436587;0,04080824937145297;0,8798475083036993;11,437728;-19,999;;-0,23031999;-0,43987;-0,07403;5192886
2026-04-17;2026-04-28;ANELE.IS;34,8;48,6;13,7709;18,61;39,66;True;True;21,05;73,99731327243417;0,04644433130555093;0,896866869295851;11,437728;-19,999;;-0,23031999;-0,43987;-0,07403;5192886
2026-04-20;2026-04-29;ANELE.IS;38,28;43,74;11,738;17,26;14,26;False;True;-3,0;68,00695249130938;0,0520748706274254;0,9128525632213901;11,437728;-19,999;;-0,23031999;-0,43987;-0,07403;5192886
2026-04-21;2026-04-30;ANELE.IS;42,1;48,1;10,0806;15,27;14,25;False;True;-1,02;66,01571709233792;0,05758757940899665;0,9274738951260054;11,437728;-19,999;;-0,23031999;-0,43987;-0,07403;5192886
2026-04-22;2026-05-01;ANELE.IS;46,3;48,1;8,2007;12,43;3,89;False;True;-8,54;65,97506033789219;0,06274094051782104;0,938940621378485;11,437728;-19,999;;-0,23031999;-0,43987;-0,07403;5192886
2026-04-23;2026-05-04;ANELE.IS;46,3;52,9;8,2007;12,43;14,25;True;True;1,83;65,97506033789219;0,06587869573373117;0,9492094464557568;11,437728;-19,999;;-0,23031999;-0,43987;-0,07403;5192886
2026-04-24;2026-05-05;ANELE.IS;50,9;58,15;8,2007;12,43;14,24;True;True;1,82;65,97506033789219;0,06931971810590165;0,9601689756847946;11,437728;-19,999;;-0,23031999;-0,43987;-0,07403;5192886
2026-04-27;2026-05-06;ANELE.IS;54,0;62,05;8,2007;12,43;14,91;True;True;2,48;65,97506033789219;0,07226217883404634;0,9703338788301292;11,437728;-19,999;;-0,23031999;-0,43987;-0,07403;5192886
2026-04-28;2026-05-07;ANELE.IS;48,6;61,45;8,7114;13,2;26,44;True;True;13,24;65,99545454545455;0,07167825022481585;0,9671147959481983;11,437728;-19,999;;-0,23031999;-0,43987;-0,07403;5192886
2026-04-29;2026-05-08;ANELE.IS;43,74;55,35;9,6416;14,18;26,54;True;True;12,36;67,99435825105783;0,06883732820562084;0,9429692928700568;11,437728;-19,999;;-0,23031999;-0,43987;-0,07403;5192886
2026-04-30;2026-05-11;HLGYO.IS;5,83;5,9;1,4519;2,5;1,2;False;True;-1,3;58,07599999999999;0,005430708663610639;0,5103281217806895;0,42925277;15,905;1,904908;0,13245;0,25671;0,0168;52320404
2026-05-01;2026-05-12;HLGYO.IS;5,83;5,93;1,5383;2,75;1,72;False;True;-1,03;55,93818181818182;0,004242805700476078;0,432030687506224;0,42925277;15,905;1,904908;0,13245;0,25671;0,0168;52320404
2026-05-04;2026-05-13;CEMZY.IS;12,02;13,45;0,3826;0,66;11,9;True;True;11,24;57,96969696969697;0,007125420554576501;0,4336904233639222;7,2140923;50,374;;0,20957;-0,03338;0,059699997;28044895
2026-05-05;2026-05-14;HLGYO.IS;6,0;5,97;0,6938;1,2;-0,5;False;False;-1,7;57,81666666666667;0,0017491703383859573;0,4422232247910781;0,42925277;15,905;1,904908;0,13245;0,25671;0,0168;52320404
2026-05-06;2026-05-15;HLGYO.IS;6,11;6,0;0,8026;1,43;-1,8;False;False;-3,23;56,125874125874134;0,002132264422088313;0,44323187641523487;0,42925277;15,905;1,904908;0,13245;0,25671;0,0168;52320404
2026-05-07;2026-05-18;CEMZY.IS;13,1;13,2;0,3826;0,66;0,76;True;True;0,1;57,96969696969697;0,00266517392479823;0,07287665668738624;7,2140923;50,374;;0,20957;-0,03338;0,059699997;28044895
2026-05-08;2026-05-19;A1YEN.IS;3,52;3,54;1,3732;2,45;0,57;False;True;-1,88;56,04897959183673;0,00954846769842956;0,5592720075435784;0,62833977;7,568;21,312502;0,65322995;0,03234;0,028469998;54717534
2026-05-12;2026-05-21;HLGYO.IS;5,93;5,5;2,1301;3,44;-7,25;False;False;-10,69;61,92151162790698;0,00258026265421104;0,44528823500297254;0,42925277;15,905;1,904908;0,13245;0,25671;0,0168;52320404
2026-05-13;2026-05-22;HLGYO.IS;5,95;5,77;2,5028;3,91;-3,03;False;False;-6,94;64,01023017902814;0,00251146421432619;0,42860219915867287;0,42925277;15,905;1,904908;0,13245;0,25671;0,0168;52320404
2026-05-14;2026-05-25;A1YEN.IS;3,95;3,41;1,2596;2,25;-13,67;False;False;-15,92;55,98222222222222;0,013562890189346206;0,7377024042231263;0,62833977;7,568;21,312502;0,65322995;0,03234;0,028469998;54717534
2026-05-15;2026-05-26;HLGYO.IS;6,0;6,08;2,6125;4,08;1,33;False;True;-2,75;64,03186274509804;0,0025971838223720393;0,4549770030911785;0,42925277;15,905;1,904908;0,13245;0,25671;0,0168;52320404
2026-05-18;2026-05-27;HLGYO.IS;5,88;6,08;0,6338;1,27;3,4;True;True;2,13;49,90551181102362;0,0023448898112491223;0,37972830892374543;0,42925277;15,905;1,904908;0,13245;0,25671;0,0168;52320404
